김종욱한의원,일반의원,032-812-8048,인천광역시 연수구 원인재로 88 (동춘동)
김성호한의원,일반의원,032-815-8878,인천광역시 연수구 청능대로 109 (연수동)
김규식한의원,일반의원,032-818-5131,인천광역시 연수구 비류대로 429 (연수동)
고려한의원,일반의원,032-834-1110,인천광역시 연수구 독배로40번길 47 (옥련동)
경희한의원,일반의원,032-813-7582,인천광역시 연수구 선학로 101 (선학동)
경희약손한의원,일반의원,032-833-1075,인천광역시 연수구 비류대로256번길 8-14 (청학동)
경희다인한의원,일반의원,032-859-5544,"인천광역시 연수구 인천타워대로54번길 9 (송도동,에몬스프라자빌딩 3층 304호)"
경희나라한의원,일반의원,032-821-7582,인천광역시 연수구 청능대로 93 (청학동)
PNC안과의원,일반의원,032-858-2201,인천광역시 연수구 컨벤시아대로 69 (송도동)
gsw마취통증의학과의원,일반의원,032-835-7331,"인천광역시 연수구 해돋이로 107 (송도동,더샵퍼스트월드 H동상가 71-72호)"
휴의원,일반의원,032-813-2888,인천광역시 연수구 용담로 136 (연수동)
홍성표내과의원,일반의원,032-811-5810,인천광역시 연수구 청능대로 103 (연수동)
현대의원,일반의원,032-816-7981,인천광역시 연수구 원인재로 14 (동춘동)
현대성모의원,일반의원,032-816-1367,인천광역시 연수구 함박뫼로 28 (청학동)
현대가외의원,일반의원,032-834-6653,인천광역시 연수구 독배로 42 (옥련동)
허브의원,일반의원,032-834-1116,"인천광역시 연수구 신송로 121 (송도동, 센타프라자 708호)"
해솔정신과의원,일반의원,032-814-8881,"인천광역시 연수구 벚꽃로 106 (청학동,연수광장프라자 3층 303-1)"
한양소아청소년과의원,일반의원,032-812-6727,인천광역시 연수구 원인재로 124 (동춘동)
한솔내과의원,일반의원,032-818-1888,인천광역시 연수구 용담로 131 (연수동)
한빛이비인후과의원,일반의원,032-817-2888,"인천광역시 연수구 용담로 115 (연수동,3층)"
한미의원,일반의원,032-812-3223,"인천광역시 연수구 벚꽃로 114 (연수동,연수브랫슬 205-1호)"
한마음의원,일반의원,032-831-7505,인천광역시 연수구 청학로 16 (청학동)
한림의원,일반의원,032-831-8883,인천광역시 연수구 한나루로196번길 3 (옥련동)
하얀나라피부과의원,일반의원,032-835-7590,"인천광역시 연수구 해돋이로 107 (송도동,더샵퍼스트월드 H동상가 76호, 77호)"
피앤비의원,일반의원,032-832-2251,인천광역시 연수구 한진로 23 (옥련동)
푸른의원,일반의원,032-833-9033,인천광역시 연수구 독배로40번길 21 (옥련동)
코아이비인후과의원,일반의원,032-834-9009,"인천광역시 연수구 컨벤시아대로 69 (송도동,밀레니엄빌딩 409호)"
최대경여성의원,일반의원,032-813-1616,인천광역시 연수구 앵고개로 250 (동춘동)
차지현정신건강의학과의원,일반의원,032-821-2001,인천광역시 연수구 청능대로 109 (연수동)
준가정의학과의원,일반의원,032-812-0246,인천광역시 연수구 새말로 32 (연수동)
주일중소아청소년과의원,일반의원,032-815-0209,인천광역시 연수구 먼우금로 302 (연수동)
조은산부인과의원,일반의원,032-813-0075,인천광역시 연수구 학나래로5번길 51 (선학동)
제일내과의원,일반의원,032-832-4622,인천광역시 연수구 한나루로 190 (옥련동)
제이드비뇨기과의원,일반의원,032-833-9696,인천광역시 연수구 컨벤시아대로 81 (송도동)
정부순의원,일반의원,032-872-2754,인천광역시 연수구 해돋이로 102 (송도동)
장효죽성형외과의원,일반의원,032-814-1004,인천광역시 연수구 앵고개로 262 (동춘동)
일신내과의원,일반의원,032-813-8275,인천광역시 연수구 먼우금로 189 (청학동)
인하정형외과의원,일반의원,032-833-8275,인천광역시 연수구 독배로 41 (옥련동)
이화웰봄소아청소년과의원,일반의원,032-833-7119,"인천광역시 연수구 인천타워대로54번길 13 (송도동,해승메디피아 201호)"
이정호내과,일반의원,032-815-0975,인천광역시 연수구 비류대로 429 (연수동)
이성문소아청소년과의원,일반의원,032-818-9391,"인천광역시 연수구 청능대로113번길 11 (연수동,3층 302호)"
이상영가정의학과의원,일반의원,032-819-3636,"인천광역시 연수구 비류대로 437 (연수동,청보빌딩 2층)"
이든의원,일반의원,032-815-0590,인천광역시 연수구 선학로 101 (선학동)
이강범이비인후과의원,일반의원,032-831-8275,"인천광역시 연수구 독배로 41 (옥련동,인영빌딩 3층 303호)"
이.이.주내과의원,일반의원,032-817-7114,인천광역시 연수구 앵고개로 242 (동춘동)
의료법인 화랑의료재단 청솔메디컬의원,일반의원,032-217-7577,인천광역시 연수구 청솔로 11 (청학동)
의료법인 이원의료재단 이원의원,일반의원,032-210-2270,"인천광역시 연수구 하모니로 291 (송도동, 이원생명과학연구원빌딩)"
의료법인 루가의료재단 지안의원,일반의원,032-830-2700,인천광역시 연수구 센트럴로 263 (송도동)
유기수내과의원,일반의원,032-815-7991,인천광역시 연수구 원인재로 88 (동춘동)
웅내과의원,일반의원,032-819-7575,인천광역시 연수구 학나래로118번길 9 (선학동)
우리외과의원,일반의원,032-814-9393,인천광역시 연수구 먼우금로 194 (연수동)
우리산부인과의원,일반의원,032-818-5121,인천광역시 연수구 앵고개로 254 (동춘동)
우리들소아청소년과의원,일반의원,032-817-8666,인천광역시 연수구 앵고개로 254 (동춘동)
올바른신경외과의원,일반의원,032-819-7775,"인천광역시 연수구 앵고개로 256 (동춘동,웅지프라자 3층 301호)"
연수함문외과의원,일반의원,032-821-0565,인천광역시 연수구 청능대로 103 (연수동)
연수이안과의원,일반의원,032-814-9480,인천광역시 연수구 앵고개로 250 (동춘동)
연수의원,일반의원,032-812-7575,인천광역시 연수구 원인재로 232 (연수동)
연수우리내과의원,일반의원,032-814-7746,인천광역시 연수구 학나래로6번길 35 (선학동)
연수연세정형외과의원,일반의원,032-821-4677,인천광역시 연수구 청능대로 93 (청학동)
연수성심의원,일반의원,032-812-8258,인천광역시 연수구 먼우금로 88 (동춘동)
연수산부인과,일반의원,032-813-7400,인천광역시 연수구 비류대로 437 (연수동)
연수사랑마취통증의학과 의원,일반의원,032-822-7580,인천광역시 연수구 청능대로 103 (연수동)
연수메디칼정형외과의원,일반의원,032-819-2342,인천광역시 연수구 앵고개로 250 (동춘동)
연수메디칼의원,일반의원,032-819-2345,"인천광역시 연수구 앵고개로 250 (동춘동,2층)"
연수늘밝은안과의원,일반의원,032-815-7626,"인천광역시 연수구 청능대로 210 (동춘동,스퀘어원 3층)"
연수김안과의원,일반의원,032-817-3487,인천광역시 연수구 청능대로 103 (연수동)
연세i사랑소아청소년과,일반의원,032-817-7400,인천광역시 연수구 앵고개로 250 (동춘동)
연세e소아청소년과의원,일반의원,032-819-5700,"인천광역시 연수구 앵고개로264번길 46 (동춘동,2층)"
연세최선내과의원,일반의원,032-859-7582,"인천광역시 연수구 신송로125번길 7 (송도동,두손이리움프라자 3층 302~303호)"
연세정형외과의원,일반의원,032-834-7000,인천광역시 연수구 비류대로 194 (옥련동)
연세이비인후과,일반의원,032-831-5666,인천광역시 연수구 한진로 23 (옥련동)
연세의원,일반의원,032-813-1291,인천광역시 연수구 원인재로 315 (연수동)
연세소아청소년과의원,일반의원,032-858-0675,"인천광역시 연수구 신송로 121 (송도동,센타프라자 4층 407호)"
연세비뇨기과의원,일반의원,032-819-5522,인천광역시 연수구 앵고개로 242 (동춘동)
연세꾸러기소아청소년과,일반의원,032-833-7533,인천광역시 연수구 독배로40번길 43 (옥련동)
에코이비인후과의원,일반의원,032-851-3232,인천광역시 연수구 신송로 121 (송도동)
앤의원,일반의원,032-821-9697,"인천광역시 연수구 앵고개로264번길 30-4 (동춘동,영남프라자 3층(301호), 4층(401호))"
아이사랑소아청소년과의원,일반의원,032-851-2525,"인천광역시 연수구 컨벤시아대로 81 (송도동,드림시티 3층 302호)"
신피부과의원,일반의원,032-831-7582,"인천광역시 연수구 신송로 121 (송도동,센타프라자 7층 704호)"
신이비인후과의원,일반의원,032-818-8288,인천광역시 연수구 용담로 11 (청학동)
신비라인의원,일반의원,032-833-7580,인천광역시 연수구 컨벤시아대로 81 (송도동)
수이비인후과의원,일반의원,032-815-8384,인천광역시 연수구 앵고개로 250 (동춘동)
송도정형외과의원,일반의원,032-859-7575,"인천광역시 연수구 컨벤시아대로 69, 407호 (송도동,밀레니엄빌딩 4층 406호)"
송도정형외과.마취통증의학과의원,일반의원,032-859-8000,"인천광역시 연수구 하모니로36번길 1 (송도동,자앤갤러리 3층)"
송도재활의학과의원,일반의원,032-831-1607,인천광역시 연수구 한진로 23 (옥련동)
송도이.이.주내과의원,일반의원,032-858-3114,인천광역시 연수구 컨벤시아대로 69 (송도동)
송도신경외과의원,일반의원,032-831-6496,"인천광역시 연수구 독배로40번길 11 (옥련동,3층, 6층)"
송도스타피부과의원,일반의원,032-434-2286,"인천광역시 연수구 컨벤시아대로 69 (송도동,밀레니엄빌딩 410호)"
송도바른내과의원,일반의원,032-834-9313,인천광역시 연수구 독배로40번길 47 (옥련동)
송도내과의원,일반의원,032-851-7505,인천광역시 연수구 해돋이로120번길 16 (송도동)
송도그린의원,일반의원,032-835-7575,"인천광역시 연수구 해돋이로 107, H동 3층 73호 (송도동, 더샵퍼스트월드)"
솔이산부인과의원,일반의원,032-834-1118,"인천광역시 연수구 독배로 35 (옥련동,IF빌딩 4층)"
손호균마취통증의학과의원,일반의원,032-818-4939,인천광역시 연수구 앵고개로 242 (동춘동)
세원정형외과의원,일반의원,032-421-6530,인천광역시 연수구 인천타워대로54번길 9 (송도동)
성심내과의원,일반의원,032-817-3137,인천광역시 연수구 원인재로 313 (연수동)
성수이비인후과의원,일반의원,032-819-5075,인천광역시 연수구 청능대로 103 (연수동)
성모신경외과의원,일반의원,032-819-8274,인천광역시 연수구 용담로 115 (연수동)
선이비인후과의원,일반의원,032-817-1500,인천광역시 연수구 샘말로7번길 7 (연수동)
서울정형외과의원,일반의원,032-821-7600,인천광역시 연수구 비류대로433번길 3 (연수동)
서울외과의원,일반의원,032-834-7575,인천광역시 연수구 독배로40번길 11 (옥련동)
서울밝은안과의원,일반의원,032-832-9823,인천광역시 연수구 독배로40번길 47 (옥련동)
서울메디칼소아청소년과의원,일반의원,032-858-7323,인천광역시 연수구 신송로 122 (송도동)
서울꾸러기365의원,일반의원,032-456-4375,"인천광역시 연수구 청능대로 210 (동춘동,스퀘어원 3층)"
서울가정의학과의원,일반의원,032-818-2119,인천광역시 연수구 새말로 31 (연수동)
서비뇨기과의원,일반의원,032-816-3069,인천광역시 연수구 청능대로 103 (연수동)
새롬의원,일반의원,032-813-7888,인천광역시 연수구 용담로 136 (연수동)
사단법인 한국장애인CARE협회 우리들의원,일반의원,032-822-7582,"인천광역시 연수구 앵고개로 260 (동춘동, 맘모스빌딩 3층)"
부부내과의원,일반의원,032-831-1888,인천광역시 연수구 독배로40번길 29 (옥련동)
변피부과의원,일반의원,032-818-4333,인천광역시 연수구 원인재로 300 (연수동)
베스트의원,일반의원,032-859-2345,인천광역시 연수구 컨벤시아대로 69 (송도동)
박호연의원,일반의원,032-817-7180,인천광역시 연수구 원인재로 180 (연수동)
박소아청소년과의원,일반의원,032-817-7932,인천광역시 연수구 용담로 11 (청학동)
박무헌정신과의원,일반의원,032-819-2178,인천광역시 연수구 앵고개로 250 (동춘동)
미앤모의원,일반의원,032-817-7400,인천광역시 연수구 청능대로 93 (청학동)
미애로여성의원,일반의원,032-859-0075,"인천광역시 연수구 신송로 122 (송도동,송도프라자 2층 201호)"
미소지움피부과의원,일반의원,032-832-7775,"인천광역시 연수구 컨벤시아대로 69 (송도동,송도밀레미엄빌딩 5층 509호)"
미래제일산부인과의원,일반의원,032-245-0101,"인천광역시 연수구 먼우금로 189 (청학동,소망빌딩 5층, 6층)"
모아소아청소년과.가정의학과의원,일반의원,032-818-1365,인천광역시 연수구 앵고개로264번길 30-4 (동춘동)
메디우먼산부인과,일반의원,032-819-9990,인천광역시 연수구 청능대로 103 (연수동)
메디모아의원,일반의원,032-816-1575,"인천광역시 연수구 경원대로 184 (동춘동,이마트연수점 2층)"
마음속내과의원,일반의원,032-831-2208,인천광역시 연수구 독배로40번길 11 (옥련동)
마음과마음정신과의원,일반의원,032-812-2004,인천광역시 연수구 청능대로 103 (연수동)
라온정신건강의학과의원,일반의원,032-831-8906,"인천광역시 연수구 컨벤시아대로 69 (송도동,밀레니엄상가 7층 706-1호)"
드림의원,일반의원,032-456-4330,"인천광역시 연수구 청능대로 210 (동춘동,스퀘어원 3층)"
도담이비인후과의원,일반의원,032-814-7582,인천광역시 연수구 원인재로 300 (연수동)
닥터김내과의원,일반의원,032-811-1001,"인천광역시 연수구 용담로 11, 2층 (청학동)"
녹색중앙의원,일반의원,032-814-2280,인천광역시 연수구 선학로68번길 4 (선학동)
끌림365송도의원,일반의원,032-859-0220,"인천광역시 연수구 컨벤시아대로 116 (송도동,대우월드마크 702동 2층 201호, 202호)"
김지현피부과의원,일반의원,032-817-8083,인천광역시 연수구 청능대로 103 (연수동)
김정수가정의학과의원,일반의원,032-822-8486,"인천광역시 연수구 원인재로 180 (연수동,우성2차상가 3층 302호)"
김웅철산부인과,일반의원,032-814-5252,인천광역시 연수구 용담로 135 (연수동)
김운호피부과의원,일반의원,032-813-9212,인천광역시 연수구 앵고개로 250 (동춘동)
권도승정형외과의원,일반의원,032-834-5626,"인천광역시 연수구 비류대로 208 (옥련동,송도역전빌딩 3층)"
굿모닝이비인후과의원,일반의원,032-811-3600,인천광역시 연수구 앵고개로264번길 10-1 (동춘동)
건일메디칼의원,일반의원,032-818-5656,"인천광역시 연수구 먼우금로 245 (연수동,동민빌딩 3,4층)"
(사)누가삼성연합의원,일반의원,032-819-4036,인천광역시 연수구 경원대로483번길 14 (선학동)
행복한방병원,한방병원,032-833-0040,"인천광역시 연수구 독배로 49 (옥련동,럭키빌딩 3,4층)"
우리사랑요양병원,요양병원,032-813-0059,인천광역시 연수구 청능대로 54 (동춘동)
송도효자병원,요양병원,032-832-9900,인천광역시 연수구 옥련로 29 (옥련동)
경인의료재활센터병원,요양병원,032-899-4000,인천광역시 연수구 원인재로 263 (연수동)
나래병원,일반병원,032-821-0033,인천광역시 연수구 청능대로 69 (청학동)
인천힘찬병원,일반병원,032-820-9114,인천광역시 연수구 용담로 118 (연수동)
연수병원,일반병원,032-813-6300,인천광역시 연수구 학나래로6번길 3 (선학동)
인천적십자병원,종합병원,032-899-4000,인천광역시 연수구 원인재로 263 (연수동)
의료법인 나사렛의료재단 나사렛국제병원,종합병원,032-899-9999,인천광역시 연수구 먼우금로 98 (동춘동)
동아치과병원,치과병원,427-7575,인천광역시 남구 경인로 462 (주안동)
(의)광혜원한방병원,한방병원,874-7500,인천광역시 남구 염창로 63 (주안동)
인천사랑병원,종합병원,425-2001,인천광역시 남구 미추홀대로 726 (주안동)
의료법인 아인의료재단 서울여성병원,병원,247-2000,인천광역시 남구 경원대로 771 (주안동)
성인천한방병원,한방병원,427-3032,인천광역시 남구 석정로 6 (숭의동)
인천백세요양병원,요양병원,884-7551,인천광역시 남구 아암대로29번길 48 (용현동)
사회복지법인대한복지협회해오른요양병원,요양병원,882-7114,인천광역시 남구 미추로 53 (숭의동)
주안고려요양병원,요양병원,245-1000,인천광역시 남구 미추홀대로 702 (주안동)
사회복지법인한마음복지협회인천요양병원,요양병원,876-5000,인천광역시 남구 인주대로 385 (주안동)
샬롬요양병원,요양병원,866-1082,인천광역시 남구 학익소로 19 (학익동)
햇살요양병원,요양병원,891-9558,인천광역시 남구 인중로 13 (숭의동)
바로병원,병원,722-8585,인천광역시 남구 인주대로 458 (주안동)
도화요양병원,요양병원,865-0033,인천광역시 남구 경인로 302 (도화동)
고은여성병원,병원,883-3535,인천광역시 남구 독배로 463 (숭의동)
신주안요양병원,요양병원,270-3000,인천광역시 남구 인주대로 432 (주안동)
알엠병원,병원,874-2727,인천광역시 남구 한나루로 446 (학익동)
지성병원,병원,862-5544,인천광역시 남구 아암대로 109 (용현동)
삼성여성병원,병원,451-0000,인천광역시 남구 인주대로 400 (주안동)
인천우리병원,병원,715-7797,인천광역시 남구 석바위로53번길 8 (주안동)
의료법인 동주의료재단 동주요양병원,요양병원,421-7501,인천광역시 남구 인하로 372 (주안동)
현대유비스병원,종합병원,888-7575,인천광역시 남구 독배로 503 (숭의동)
인천한국병원,병원,428-9411,인천광역시 남구 경인로 488 (주안동)
인천봄뜰요양병원,요양병원,432-7585,인천광역시 남구 경원대로 891 (주안동)
자인의원,의원,866-6442,인천광역시 남구 소성로 87 (학익동)
강명건치과의원,치과의원,882-2650,인천광역시 남구 석정로 37-1 (숭의동)
이한의원,한의원,882-7559,인천광역시 남구 경인로70번길 11-5 (숭의동)
삼대조한의원,한의원,875-5409,인천광역시 남구 인주대로 179 (용현동)
이병주치과의원,치과의원,424-2125,인천광역시 남구 미추홀대로 718 (주안동)
김진영정형외과의원,의원,882-6018,인천광역시 남구 독배로492번길 21 (숭의동)
신일의원,의원,424-4009,인천광역시 남구 경인로 415 (주안동)
조영희의원,의원,425-1141,인천광역시 남구 주안로174번길 20-6 (주안동)
영제한의원,한의원,882-2559,"인천광역시 남구 경인로 47-1 (숭의동,외 2필지)"
보인한의원,한의원,423-6443,인천광역시 남구 구월로 8-1 (주안동)
홍이비인후과의원,의원,423-2830,인천광역시 남구 경원대로852번길 51 (주안동)
신성의원,의원,882-8385,인천광역시 남구 독정이로 47 (숭의동)
이근세치과의원,치과의원,882-0540,인천광역시 남구 경인로 130 (숭의동)
홍진표치과의원,치과의원,873-6540,인천광역시 남구 경인로326번길 2 (도화동)
고영식치과의원,치과의원,424-0860,인천광역시 남구 경인로 363 (주안동)
동남한의원,한의원,875-7291,인천광역시 남구 소성로 148 (학익동)
이내과의원,의원,425-4900,인천광역시 남구 미추홀대로 622 (주안동)
김철희치과의원,치과의원,873-8018,인천광역시 남구 경인로 332 (주안동)
한동수신경정신과의원,의원,423-3883,인천광역시 남구 미추홀대로 708 (주안동)
이우승안과의원,의원,422-6889,인천광역시 남구 경인로 431 (주안동)
양소아과의원,의원,423-0056,인천광역시 남구 경인로 427 (주안동)
이태수치과의원,치과의원,875-7049,인천광역시 남구 경인로 328 (주안동)
이인학치과의원,치과의원,423-7652,인천광역시 남구 경인로 439 (주안동)
홍충옥치과의원,치과의원,882-8625,인천광역시 남구 수봉로 42-1 (숭의동)
이호용내과의원,의원,875-7797,인천광역시 남구 미추홀대로 717 (주안동)
감초한의원,한의원,875-8900,인천광역시 남구 소성로 136 (학익동)
왕소연중국한의원,한의원,883-8809,인천광역시 남구 인주대로137번길 6 (용현동)
김식만치과의원,치과의원,882-4886,인천광역시 남구 독배로 426 (용현동)
정영한치과의원,치과의원,422-3317,인천광역시 남구 경원대로 854 (주안동)
이병홍이비인후과의원,의원,422-9779,인천광역시 남구 경인로 368 (주안동)
박내과의원,의원,422-8383,인천광역시 남구 경원대로 828 (주안동)
신언일치과의원,치과의원,866-1314,인천광역시 남구 경인로 337-1 (주안동)
인천방사선과의원,의원,423-8400,인천광역시 남구 경인로 479 (주안동)
인천정형외과의원,의원,428-9900,인천광역시 남구 경원대로897번길 1 (주안동)
윤내과의원,의원,864-2100,인천광역시 남구 제일로 34 (도화동)
남양소아과의원,의원,421-2501,인천광역시 남구 경인로 410 (주안동)
여금수치과의원,치과의원,875-9491,인천광역시 남구 제일로 42-1 (도화동)
변내과의원,의원,424-4037,인천광역시 남구 경인로 387 (주안동)
성모외과의원,의원,866-9076,인천광역시 남구 석정로 387 (주안동)
보건한의원,한의원,867-4272,인천광역시 남구 제일로40번길 5 (도화동)
이근해이비인후과의원,의원,420-0160,인천광역시 남구 경원대로 869 (주안동)
계림정신과의원,의원,862-6804,인천광역시 남구 경인로325번길 12 (주안동)
김종억신경정신과의원,의원,425-9798,인천광역시 남구 경인로 462 (주안동)
경희한의원,한의원,862-4599,인천광역시 남구 석정로 392 (주안동)
권순대외과의원,의원,866-7727,인천광역시 남구 한나루로 501 (용현동)
신기치과의원,치과의원,872-2823,인천광역시 남구 인하로 261 (주안동)
천지인한의원,한의원,873-9859,인천광역시 남구 경인로 233 (도화동)
김광덕정형외과의원,의원,425-5551,인천광역시 남구 미추홀대로 640 (주안동)
인제한의원,한의원,425-5545,인천광역시 남구 경인로 363 (주안동)
한국건강관리협회건강증진치과의원,치과의원,884-7131,인천광역시 남구 독배로 500 (숭의동)
한국건강관리협회건강증진의원,의원,884-7131,인천광역시 남구 독배로 500 (숭의동)
주산부인과의원,의원,420-0136,인천광역시 남구 경원대로 869 (주안동)
이진숙소아과의원,의원,866-5645,인천광역시 남구 인하로 273 (주안동)
주안의원,의원,863-0105,인천광역시 남구 인주대로 273 (주안동)
문영주내과의원,의원,425-2111,인천광역시 남구 경인로 485 (주안동)
하정상치과의원,치과의원,423-4438,인천광역시 남구 경인로 442 (주안동)
김세훈치과의원,치과의원,426-6437,인천광역시 남구 경인로 433 (주안동)
박규섭내과의원,의원,884-5868,인천광역시 남구 토금남로 31 (용현동)
한종배피부과의원,의원,428-1252,인천광역시 남구 경인로 427 (주안동)
김병천내과의원,의원,862-0051,인천광역시 남구 미추홀대로 613 (주안동)
한상희비뇨기과의원,의원,862-5005,"인천광역시 남구 경인로 347, 4층 (주안동)"
우종윤치과의원,치과의원,428-2882,인천광역시 남구 경원대로 861 (주안동)
르네상스치과의원,치과의원,420-0107,인천광역시 남구 경원대로 869 (주안동)
강명선비뇨기과의원,의원,864-4115,인천광역시 남구 미추홀대로 735 (주안동)
선우이비인후과의원,의원,867-3042,인천광역시 남구 경인로 344 (주안동)
서원벽신경정신과의원,의원,432-9911,인천광역시 남구 미추홀대로 634 (주안동)
최영환안과의원,의원,867-1996,인천광역시 남구 경인로 347 (주안동)
곽경일치과의원,치과의원,882-8675,인천광역시 남구 경인로 124 (숭의동)
최길수치과의원,치과의원,862-0237,인천광역시 남구 경인로 348 (주안동)
홍일한의원,한의원,862-9236,인천광역시 남구 제일로 26 (도화동)
한국의원,의원,432-1771,인천광역시 남구 경원대로 777 (주안동)
박상덕신경외과의원,의원,438-5401,인천광역시 남구 경인로 479 (주안동)
조규형신경정신과의원,의원,433-0830,인천광역시 남구 경인로 431 (주안동)
홍한의원,한의원,873-4246,인천광역시 남구 경인로 366 (주안동)
박윤성피부과의원,의원,425-3160,인천광역시 남구 경원대로 849 (주안동)
정동환내과의원,의원,428-0700,인천광역시 남구 미추홀대로 576 (주안동)
최규원치과의원,치과의원,435-2875,인천광역시 남구 구월로 13 (주안동)
연세박치과의원,치과의원,864-1911,인천광역시 남구 길파로 16 (주안동)
경희동방한의원,한의원,435-8866,인천광역시 남구 경원대로 747 (주안동)
김이비인후과의원,의원,884-2686,인천광역시 남구 독배로 422 (용현동)
서광한의원,한의원,868-1724,인천광역시 남구 경인로 63 (숭의동)
이광래내과의원,의원,885-1984,인천광역시 남구 소성로 150 (학익동)
송원빈치과의원,치과의원,885-9221,인천광역시 남구 독배로 422 (용현동)
신진호치과의원,치과의원,883-8817,인천광역시 남구 낙섬중로 101 (용현동)
강준영치과의원,치과의원,883-1973,인천광역시 남구 토금중로 20 (용현동)
덕창한의원,한의원,884-1887,인천광역시 남구 인주대로 139 (용현동)
김사곤한의원,한의원,885-2434,인천광역시 남구 토금중로 13 (용현동)
박중호치과의원,치과의원,437-0918,인천광역시 남구 경인로 363-1 (주안동)
황치일치과의원,치과의원,868-2077,인천광역시 남구 경인로 347 (주안동)
홍제한의원,한의원,864-2288,인천광역시 남구 미추홀대로 577 (주안동)
김서구치과의원,치과의원,863-8189,인천광역시 남구 소성로 201 (학익동)
참한의원,한의원,876-9988,인천광역시 남구 매소홀로 474 (학익동)
전도현치과의원,치과의원,866-6632,인천광역시 남구 매소홀로 474 (학익동)
한창수치과의원,치과의원,887-2635,인천광역시 남구 낙섬중로 17 (용현동)
이동환치과의원,치과의원,425-3326,인천광역시 남구 경인로 384 (주안동)
박종현치과의원,치과의원,437-2443,인천광역시 남구 경원대로 836 (주안동)
보명한의원,한의원,887-1079,인천광역시 남구 아암대로91번길 4 (용현동)
구제훈치과의원,치과의원,874-2872,"인천광역시 남구 소성로 136 (학익동,202호)"
이레치과의원,치과의원,887-2822,인천광역시 남구 토금남로 65 (용현동)
인천의원,의원,868-1771,인천광역시 남구 미추홀대로 581 (주안동)
스마일치과의원,치과의원,425-7470,인천광역시 남구 주승로 222 (관교동)
최규형치과의원,치과의원,887-6257,인천광역시 남구 토금남로 53 (용현동)
이하영소아과의원,의원,862-0582,인천광역시 남구 인하로 251 (주안동)
주안청원치과의원,치과의원,863-2875,인천광역시 남구 제일로 42 (도화동)
박병석치과의원,치과의원,438-2727,인천광역시 남구 인하로 446 (관교동)
중화한의원,한의원,435-1599,인천광역시 남구 경원대로864번길 12 (주안동)
일미치과의원,치과의원,423-3379,인천광역시 남구 경인로 429 (주안동)
김동수내과의원,의원,872-2500,인천광역시 남구 미추홀대로 573 (주안동)
전성구치과의원,치과의원,863-1875,인천광역시 남구 인하로247번길 10 (주안동)
궁인덕치과의원,치과의원,874-2875,인천광역시 남구 석정로 306 (도화동)
금수한의원,한의원,428-9484,인천광역시 남구 경인로 364 (주안동)
현대치과의원,치과의원,867-2128,인천광역시 남구 한나루로 400 (학익동)
김기동비뇨기과의원,의원,873-9504,인천광역시 남구 경인로 344 (주안동)
르네상스안과의원,의원,420-0077,인천광역시 남구 경원대로 869 (주안동)
토론토치과의원,치과의원,874-3180,인천광역시 남구 경인로 229 (도화동)
동인한의원,한의원,874-1921,인천광역시 남구 한나루로 496-3 (주안동)
박병도내과의원,의원,868-2754,인천광역시 남구 매소홀로 474 (학익동)
오충환한의원,한의원,874-4995,인천광역시 남구 미추홀대로578번길 5 (주안동)
연합치과의원,치과의원,431-5858,인천광역시 남구 경원대로 740 (주안동)
명성한의원,한의원,434-7673,인천광역시 남구 경원대로 740 (주안동)
동아의원,의원,887-1868,인천광역시 남구 낙섬중로 101 (용현동)
박상우치과의원,치과의원,875-9830,인천광역시 남구 길파로 27 (주안동)
안세한의원,한의원,432-2377,인천광역시 남구 경인로 433 (주안동)
바른이치과의원,치과의원,429-2828,인천광역시 남구 구월로 32-1 (주안동)
김흥식치과의원,치과의원,875-8457,인천광역시 남구 석정로 272 (도화동)
새안의원,의원,864-3131,인천광역시 남구 인주대로 331 (주안동)
현대가정의원,의원,214-2214,인천광역시 남구 매소홀로 355 (학익동)
이종원가정의원,의원,888-2522,인천광역시 남구 낙섬중로 15-1 (용현동)
누가가정의학과의원,의원,872-0687,인천광역시 남구 미추홀대로 715 (주안동)
진명한의원,한의원,867-7600,인천광역시 남구 경인로 242-3 (도화동)
박용주내과의원,의원,424-1261,인천광역시 남구 인하로 292 (주안동)
정내과의원,의원,424-3844,인천광역시 남구 미추홀대로 696 (주안동)
용현치과의원,치과의원,883-2875,인천광역시 남구 독정이로 15 (용현동)
이광용치과의원,치과의원,425-0150,인천광역시 남구 인하로299번길 3 (주안동)
임배문한의원,한의원,881-9073,인천광역시 남구 인주대로123번길 4 (용현동)
익생춘한의원,한의원,875-3081,인천광역시 남구 경인로 181 (도화동)
송제홍치과의원,치과의원,882-0096,인천광역시 남구 경인로 120 (숭의동)
오부부치과의원,치과의원,421-6675,인천광역시 남구 경원대로 737 (주안동)
김내과의원,의원,885-3588,인천광역시 남구 독배로 431 (용현동)
용현제일의원,의원,885-4824,인천광역시 남구 독배로 420 (용현동)
이인의비뇨기과의원,의원,427-2929,인천광역시 남구 미추홀대로 574 (주안동)
황원준정신과의원,의원,435-7767,인천광역시 남구 경인로 399-1 (주안동)
우리이비인후과의원,의원,875-9453,인천광역시 남구 미추홀대로 561 (주안동)
명제당한의원,한의원,866-7575,인천광역시 남구 석정로 327 (도화동)
덕윤한의원,한의원,864-1348,인천광역시 남구 인주대로266번길 1 (용현동)
도화연세소아과의원,의원,863-7004,인천광역시 남구 석정로 300 (도화동)
주안가정의원,의원,868-6685,인천광역시 남구 길파로 18 (주안동)
인천성모안과의원,의원,873-8816,인천광역시 남구 인하로 280 (주안동)
상쾌한 이치과,치과의원,865-2875,인천광역시 남구 매소홀로 470 (학익동)
노광국안과의원,의원,426-9595,"인천광역시 남구 미추홀대로 696 (주안동, 태성빌딩)"
이종신재활의학과의원,의원,432-0880,인천광역시 남구 구월로 31 (주안동)
성지의원,의원,862-2066,인천광역시 남구 길파로28번길 5 (주안동)
승재한의원,한의원,435-9116,인천광역시 남구 석산로 42 (주안동)
미주치과의원,치과의원,439-2875,인천광역시 남구 인하로 287 (주안동)
고은치과의원,치과의원,865-2804,인천광역시 남구 매소홀로 466 (학익동)
신동아치과의원,치과의원,865-2828,인천광역시 남구 학익소로61번길 135 (학익동)
인천제일의원,의원,883-0380,인천광역시 남구 경인로 32 (숭의동)
용현가정의원,의원,888-8834,인천광역시 남구 아암대로29번길 77 (용현동)
김영주가정의원,의원,887-1668,인천광역시 남구 낙섬중로 54 (용현동)
장진요한의원,한의원,437-6007,"인천광역시 남구 미추홀대로 574, 2층 (주안동)"
김원배소아과의원,의원,881-4509,인천광역시 남구 낙섬중로38번길 2 (용현동)
즐거운치과의원,치과의원,866-2828,인천광역시 남구 인하로 280 (주안동)
이수경소아청소년과의원,의원,433-5654,"인천광역시 남구 석산로 42 (주안동,두산주상복합상가 201.202호)"
김한의원,한의원,424-2255,"인천광역시 남구 경원대로 865, 302호 (주안동, 한사랑빌딩 )"
학익한의원,한의원,875-9595,인천광역시 남구 매소홀로 446 (학익동)
정인당한의원,한의원,881-6484,인천광역시 남구 석정로 246 (도화동)
현대산부인과의원,의원,872-5353,"인천광역시 남구 매소홀로 448, 202호 (학익동, 대성빌딩)"
현대성모의원,의원,863-7700,인천광역시 남구 매소홀로 442 (학익동)
두리신경외과의원,의원,438-6313,인천광역시 남구 인하로 301 (주안동)
인하비뇨기과의원,의원,891-6181,인천광역시 남구 낙섬중로 36 (용현동)
최박내과의원,의원,420-0092,인천광역시 남구 경원대로 869 (주안동)
백선열정형외과의원,의원,891-0119,인천광역시 남구 아암대로 93 (용현동)
우성치과의원,치과의원,861-2828,인천광역시 남구 소성로 150 (학익동)
주안시민치과의원,치과의원,872-2828,인천광역시 남구 미추홀대로 677 (주안동)
서울중앙의원,의원,874-8500,인천광역시 남구 한나루로 389 (학익동)
푸른솔한의원,한의원,882-8494,인천광역시 남구 아암대로29번길 47 (용현동)
서울가정의원,의원,873-0663,인천광역시 남구 인주대로266번길 18-1 (용현동)
김홍희탱글의원,의원,435-7579,인천광역시 남구 문화로 51 (관교동)
정탁정형외과의원,의원,874-7582,인천광역시 남구 제일로 26 (도화동)
양지의원,의원,876-7575,인천광역시 남구 인주대로 186 (용현동)
용현서울치과의원,치과의원,888-2875,인천광역시 남구 토금남로 41-1 (용현동)
인천제일산부인과의원,의원,889-7575,인천광역시 남구 낙섬중로 39-1 (용현동)
삼성제일의원,의원,887-0750,인천광역시 남구 토금남로 65 (용현동)
천수한의원,한의원,432-1075,인천광역시 남구 주승로 230 (관교동)
석재홍한의원,한의원,867-6081,인천광역시 남구 소성로 135 (학익동)
박경빈치과의원,치과의원,876-2275,인천광역시 남구 인주대로266번길 18 (용현동)
다인치과의원,치과의원,873-7525,인천광역시 남구 석정로441번길 50 (주안동)
고려메디칼의원,의원,876-5626,인천광역시 남구 인하로 213 (주안동)
세솔메디칼의원,의원,885-1915,인천광역시 남구 숙골로 59 (도화동)
윤명자소아과의원,의원,872-2700,"인천광역시 남구 인하로 280, 2층 (주안동)"
신기고려정형외과의원,의원,868-8275,인천광역시 남구 인하로 264 (주안동)
대원한의원,한의원,437-1075,인천광역시 남구 경원대로 854 (주안동)
정우식내과의원,의원,891-8275,인천광역시 남구 경인로 128-1 (숭의동)
메인의원,의원,888-8970,인천광역시 남구 미추홀대로 716 (주안동)
수치과의원,치과의원,883-2828,인천광역시 남구 낙섬서로 4 (용현동)
이경훈치과의원,치과의원,866-2875,인천광역시 남구 미추홀대로 709 (주안동)
박이비인후과의원,의원,891-9797,인천광역시 남구 낙섬중로 40 (용현동)
이선덕가정의학과의원,의원,441-8275,인천광역시 남구 경원대로652번길 31 (관교동)
한사랑산부인과의원,의원,888-9016,인천광역시 남구 토금중로 8 (용현동)
김철내과의원,의원,874-8575,인천광역시 남구 소성로 135 (학익동)
동성한의원,한의원,429-1300,인천광역시 남구 미추홀대로 696 (주안동)
선이비인후과의원,의원,884-5332,인천광역시 남구 낙섬중로 50 (용현동)
연세미치과의원,치과의원,867-2870,인천광역시 남구 미추홀대로 731 (주안동)
열린이비인후과의원,의원,876-7582,"인천광역시 남구 인하로 269, 2,3층 (주안동)"
이편한치과의원,치과의원,876-2875,인천광역시 남구 석정로 437 (주안동)
오필욱치과의원,치과의원,865-0558,인천광역시 남구 한나루로 505 (용현동)
중앙메디칼의원,의원,866-0800,인천광역시 남구 인주대로 282 (주안동)
정항재신경과의원,의원,872-9200,인천광역시 남구 한나루로 411 (학익동)
엔터치과의원,치과의원,872-2875,인천광역시 남구 미추홀대로587번길 11 (주안동)
주안서울치과의원,치과의원,442-2875,인천광역시 남구 미추홀대로 696 (주안동)
신광철정신건강의학과의원,의원,867-8202,인천광역시 남구 인하로 275 (주안동)
한사랑내과의원,의원,865-1171,인천광역시 남구 수봉로 31 (숭의동)
행복한내과의원,의원,863-3338,인천광역시 남구 한나루로 591 (도화동)
용현한의원,한의원,881-7533,"인천광역시 남구 토금남로 53 (용현동, 뉴한양프라자 109호)"
본의원,의원,873-6666,인천광역시 남구 석정로 400-1 (주안동)
굿모닝가정의학과의원,의원,866-7533,인천광역시 남구 석정로 327 (도화동)
문피부과의원,의원,867-0365,"인천광역시 남구 인하로 275 (주안동,주연메디컬 301호)"
원항맥외과의원,의원,862-6226,"인천광역시 남구 미추홀대로 581, 6층 (주안동)"
하기수내과의원,의원,873-8275,인천광역시 남구 석정로 436 (주안동)
함께하는치과의원,치과의원,442-7528,"인천광역시 남구 소성로 328, 2층 (문학동)"
용현정형외과의원,의원,886-7582,"인천광역시 남구 매소홀로 63 (용현동, 대신프라자 2층)"
명신한의원,한의원,423-1075,인천광역시 남구 경인로 479-1 (주안동)
다정한내과의원,의원,888-9003,인천광역시 남구 낙섬서로 4 (용현동)
세영산부인과의원,의원,886-8600,인천광역시 남구 낙섬서로 4 (용현동)
사회복지법인 모두사랑재단 석바위한의원,한의원,425-4583,인천광역시 남구 경인로 465 (주안동)
인천미치과의원,치과의원,876-7528,인천광역시 남구 매소홀로 446 (학익동)
한마음한의원,한의원,875-4051,인천광역시 남구 인하로262번길 5 (주안동)
덕양가정의학과의원,의원,872-8275,인천광역시 남구 경인로 231 (도화동)
늘밝은안과의원,의원,881-9300,인천광역시 남구 매소홀로 63 (용현동)
성제한의원,한의원,873-1130,인천광역시 남구 한나루로 464 (주안동)
(사)모퉁이복지재단 인천재활의원,의원,861-0108,인천광역시 남구 인주대로 290 (주안동)
플러스연치과의원,치과의원,889-9229,"인천광역시 남구 매소홀로 63 (용현동, 대신프라자302호)"
도화굿모닝치과의원,치과의원,875-7529,인천광역시 남구 한나루로 591 (도화동)
연재활의학과의원,의원,885-1075,인천광역시 남구 낙섬중로 49 (용현동)
인하소아과의원,의원,876-5288,"인천광역시 남구 매소홀로 470 (학익동, 천일빌딩 2층)"
유진정형외과의원,의원,861-8700,인천광역시 남구 장천로112번길 3 (숭의동)
굿모닝치과의원,치과의원,888-2807,인천광역시 남구 수봉로 1 (숭의동)
주안열린치과의원,치과의원,425-2872,인천광역시 남구 인주대로418번길 1 (주안동)
세인한의원,한의원,441-2700,인천광역시 남구 인주대로418번길 1 (주안동)
주안굿모닝치과의원,치과의원,865-6048,"인천광역시 남구 석정로 387 (주안동, 2층)"
중국광제한의원,한의원,886-6668,인천광역시 남구 낙섬중로32번길 3 (용현동)
전외과의원,의원,884-0080,인천광역시 남구 독정이로 7 (용현동)
성인천의원,의원,427-3032,인천광역시 남구 석정로 6 (숭의동)
박가정의학과의원,의원,426-7833,인천광역시 남구 소성로 333 (문학동)
서울탑의원,의원,872-7528,인천광역시 남구 미추홀대로 717 (주안동)
세종치과의원,치과의원,428-0980,인천광역시 남구 경인로425번길 6 (주안동)
주안성심의원,의원,862-7583,인천광역시 남구 한나루로564번길 83 (주안동)
현비뇨기과의원,의원,862-0507,인천광역시 남구 소성로 150 (학익동)
호림재활의학과의원,의원,883-9114,인천광역시 남구 독정이로 79 (숭의동)
열린성모내과의원,의원,441-2421,인천광역시 남구 경인로 429 (주안동)
연세아름필의원,의원,884-0517,인천광역시 토금남로 53 (한양아파트상가 202호)
학익정형외과의원,의원,868-5200,인천광역시 남구 한나루로 379 (학익동)
학익굿모닝치과의원,치과의원,864-2875,인천광역시 남구 소성로 135 (학익동)
미엔아이치과의원,치과의원,435-0740,인천광역시 남구 미추홀대로 584 (주안동)
도영한의원,한의원,885-8270,인천광역시 남구 인주대로 112 (용현동)
강생당한의원,한의원,422-8800,인천광역시 남구 인하로 304 (주안동)
인천광역시남구보건소,보건(의료원)소,880-5311,인천광역시 남구 주안서로 25 (도화동)
연세소아과의원,의원,885-8272,인천광역시 남구 토금남로 53 (용현동)
우성안과의원,의원,874-4700,인천광역시 남구 소성로 150 (학익동)
거북이한의원,한의원,861-7733,인천광역시 남구 매소홀로 442 (학익동)
기린한의원,한의원,421-3011,"인천광역시 남구 인하로 446 (관교동, 삼환상가 2층)"
이젠성형외과의원,의원,863-3993,인천광역시 남구 미추홀대로 725 (주안동)
항운정형외과의원,의원,867-1600,인천광역시 남구 인하로 273 (주안동)
사계절이편한치과의원,치과의원,874-2278,인천광역시 남구 소성로 6 (용현동)
석바위정형외과의원,의원,434-2119,인천광역시 남구 경인로 433 (주안동)
경희금강한의원,한의원,424-6555,인천광역시 남구 소성로 333 (문학동)
We-플러스치과의원,치과의원,866-7528,"인천광역시 남구 매소홀로 442 (학익동, 향교빌딩 2층)"
기독내과의원,의원,766-2511,인천광역시 남구 석정로 123-1 (숭의동)
조용현내과의원,의원,867-8275,인천광역시 남구 매소홀로 466 (학익동)
기쁨정형외과의원,의원,867-2290,인천광역시 남구 매소홀로 466 (학익동)
삼대보배한의원,한의원,872-1688,인천광역시 남구 인하로 261 (주안동)
주안튼튼의원,의원,868-8383,인천광역시 남구 석정로 430 (주안동)
인천구치소부속의원,의원,868-8771,인천광역시 남구 학익소로 30 (학익동)
제민당한의원,한의원,873-7350,인천광역시 남구 석정로 432 (주안동)
백초향한의원,한의원,439-1075,인천광역시 남구 석산로 36 (주안동)
자선의원,의원,868-5737,인천광역시 남구 인하로235번길 17 (주안동)
용현성심의원,의원,889-2275,인천광역시 남구 독정이로 28-1 (용현동)
서울안과의원,의원,864-7921,인천광역시 남구 미추홀대로 581 (주안동)
고진홍정형외과의원,의원,866-0114,인천광역시 남구 한나루로 591 (도화동)
시원한이비인후과의원,의원,866-4506,인천광역시 남구 인하로 261 (주안동)
현치과의원,치과의원,868-2842,인천광역시 남구 인주대로 261 (주안동)
(용현)굿모닝치과의원,치과의원,885-7528,인천광역시 남구 아암대로29번길 48 (용현동)
미추홀치과의원,치과의원,882-2875,인천광역시 남구 석정로 142 (숭의동)
더불어미소치과의원,치과의원,891-1004,인천광역시 남구 낙섬중로38번길 1 (용현동)
서울아산신경과의원,의원,866-2475,인천광역시 남구 미추홀대로 561 (주안동)
인천삼성의원,의원,889-4300,인천광역시 남구 독배로 423 (용현동)
리앤리의원,의원,420-0205,"인천광역시 남구 경원대로 869 (주안동, 르네상스빌딩 502호)"
주안미산부인과,의원,865-0270,"인천광역시 남구 석정로 391 (주안동, 광운빌딩 201호)"
서울이비인후과의원,의원,874-8275,인천광역시 남구 인하로 275 (주안동)
용현연세의원,의원,886-3076,인천광역시 남구 아암대로29번길 48 (용현동)
용현경희한의원,한의원,889-7510,인천광역시 남구 독배로432번길 3 (숭의동)
탑치과의원,치과의원,874-2885,인천광역시 남구 인하로 275 (주안동)
동의보감한의원,한의원,882-1075,인천광역시 남구 낙섬중로 45-1 (용현동)
모아메디컬의원,의원,876-3114,인천광역시 남구 인주대로 191 (용현동)
고려영상의학과의원,의원,441-6000,인천광역시 남구 경원대로 865 (주안동)
코코이비인후과의원,의원,864-5075,인천광역시 남구 소성로 150 (학익동)
수려한의원,한의원,431-1075,인천광역시 남구 경원대로 863 (주안동)
평하당한의원,한의원,887-1082,인천광역시 남구 낙섬중로 42-1 (용현동)
이수정형외과의원,의원,891-7582,인천광역시 남구 낙섬중로 39-1 (용현동)
임국경한의원,한의원,885-7500,인천광역시 남구 아암대로29번길 48 (용현동)
강동욱정형외과의원,의원,472-9627,인천광역시 남구 경인로 270-1 (도화동)
다사랑메디칼의원,의원,867-3912,인천광역시 남구 인하로 121 (용현동)
이지부부치과의원,치과의원,874-4555,인천광역시 남구 미추홀대로 573 (주안동)
최광호외과의원,의원,429-7570,인천광역시 남구 인주대로 348 (주안동)
아이원치과의원,치과의원,867-2803,"인천광역시 남구 한나루로357번길 20 (학익동, 풍림아이원아파트 상가동 303~305호)"
준소아과의원,의원,867-4650,인천광역시 남구 매소홀로 338 (학익동)
메디양소아과의원,의원,875-7515,인천광역시 남구 한나루로 360 (학익동)
용현보화한의원,한의원,882-8809,인천광역시 남구 인주대로 105 (용현동)
경희최한의원,한의원,875-7594,인천광역시 남구 매소홀로 355 (학익동)
홍정신과의원,의원,865-1986,인천광역시 남구 경인로 293 (도화동)
서일교정형외과의원,의원,1588-7523,인천광역시 남구 석정로 411 (주안동)
올플란트치과,치과의원,873-2128,"인천광역시 남구 매소홀로 355 (학익동, 학익프라자 305호,306호)"
최앤박소아청소년과의원,의원,421-0202,인천광역시 남구 경원대로 884 (주안동)
삼성메디한의원,한의원,863-0111,"인천광역시 남구 경원대로897번길 8, 203호 (주안동,무한레부빌)"
이재현치과의원,치과의원,426-2875,"인천광역시 남구 경원대로 848 (주안동, 태흥프라자 503호)"
서울트리니티치과의원,치과의원,427-2080,인천광역시 남구 경인로 392 (주안동)
시원여성의원,의원,875-6100,"인천광역시 남구 미추홀대로 573 (주안동,외1번지(1462-6))"
경희우정한의원,한의원,863-0075,인천광역시 남구 제일로 38 (도화동)
연세한의원,한의원,888-6542,인천광역시 남구 낙섬서로 4 (용현동)
온가정의원,의원,889-3584,인천광역시 남구 인중로 13 (숭의동)
미소준치과의원,치과의원,863-3323,인천광역시 남구 제일로 38 (도화동)
요셉마디의원,의원,872-7085,인천광역시 남구 인하로 275 (주안동)
우리정형외과의원,의원,431-1107,인천광역시 남구 경원대로 828 (주안동)
주안사랑마취통증의학과의원,의원,866-7580,인천광역시 남구 미추홀대로 573 (주안동)
사랑의내과의원,의원,868-8575,인천광역시 남구 제일로 38 (도화동)
변화진소아청소년과의원,의원,561-5108,인천광역시 남구 아암대로29번길 86 (용현동)
유원정형외과의원,의원,567-8603,인천광역시 남구 아암대로29번길 86 (용현동)
코아이비인후과의원,의원,423-2222,인천광역시 남구 경원대로 858 (주안동)
본정형외과의원,의원,433-5991-2,인천광역시 남구 경원대로 858 (주안동)
김용철산부인과의원,의원,432-3582,인천광역시 남구 경원대로 901 (주안동)
쑥향가득한의원,한의원,872-3193,인천광역시 남구 인하로 253 (주안동)
한마음의원,의원,567-7585,인천광역시 남구 석정로 381 (주안동)
서울함께웃는치과의원,치과의원,435-2275,인천광역시 남구 경원대로 858 (주안동)
주안연세마취통증의학과의원,의원,862-8882,인천광역시 남구 제일로 38 (도화동)
미추홀내과의원,의원,421-3700,인천광역시 남구 경원대로 858 (주안동)
연세해맑은내과의원,의원,325-7585,인천광역시 남구 경인로 503 (주안동)
탄탄치과의원,치과의원,888-7528,인천광역시 남구 토금중로 46 (용현동)
일진두드림한의원,한의원,883-0128,인천광역시 남구 매소홀로 73-6 (용현동)
행복담은샘치과의원,치과의원,204-2828,인천광역시 남구 인하로352번길 4 (주안동)
해피라인의원,의원,1599-3711,인천광역시 남구 석정로 411 (주안동)
경희수한의원,한의원,887-7533,인천광역시 남구 석정로 138 (숭의동)
서은정산부인과의원,의원,864-7532,인천광역시 남구 인하로 253 (주안동)
동서한의원,한의원,886-5788,인천광역시 남구 경인로 128-1 (숭의동)
경인의료생활협동조합 주안경인의원,의원,442-0875,"인천광역시 남구 경인로 400 (주안동,(3층))"
기분좋은소아청소년과의원,의원,427-4496,"인천광역시 남구 경원대로 858 (주안동,시티프라자(301호))"
정이비인후과의원,의원,873-2999,"인천광역시 남구 소성로 136 (학익동,감초한의원 201호)"
소나무한의원,한의원,873-7533,인천광역시 남구 신기길 22-6 (주안동)
다솜한의원,한의원,875-0162,인천광역시 남구 매소홀로 355 (학익동)
자인한의원,한의원,876-6388,인천광역시 남구 미추홀대로 703 (주안동)
김택수정신건강의학과의원,의원,446-9025,"인천광역시 남구 미추홀대로 716, 메인프라자동 301호 (주안동)"
신기한의원,한의원,875-1075,인천광역시 남구 미추홀대로 581 (주안동)
탑신경외과의원,의원,868-1119,인천광역시 남구 소성로 136 (학익동)
서해사랑내과의원,의원,891-7575,인천광역시 남구 아암대로 87 (용현동)
제물포룡플란트치과의원,치과의원,888-2804,인천광역시 남구 경인로 119 (숭의동)
간석미엔아이치과의원,치과의원,859-2875,인천광역시 남구 석산로 12 (주안동)
주안경희한의원,한의원,876-0375,인천광역시 남구 인하로 263 (주안동)
예종의원,의원,435-6675,인천광역시 남구 매소홀로 504 (문학동)
삼성수의원,의원,761-8275,인천광역시 남구 소성로 135 (학익동)
맑은향기치과의원,치과의원,875-7733,인천광역시 남구 매소홀로309번길 32 (학익동)
박치과의원,치과의원,875-7528,인천광역시 남구 매소홀로 372 (학익동)
인천조은의원,의원,881-0145,인천광역시 남구 낙섬중로 53 (용현동)
오플란트치과의원,치과의원,441-7528,인천광역시 남구 미추홀대로 744 (주안동)
본프란트치과의원,치과의원,422-9502,인천광역시 남구 인하로 300 (주안동)
미앤아이미소의원,의원,865-1178,인천광역시 남구 경인로 132 (숭의동)
연세이명래내과의원,의원,881-7583,인천광역시 남구 토금중로40번길 11 (용현동)
연세연합소아청소년과의원,의원,875-3176,인천광역시 남구 토금중로40번길 11 (용현동)
인천헬스케어의원,의원,430-4000,인천광역시 남구 경인로 434 (주안동)
더 라움치과의원,치과의원,891-2875,인천광역시 남구 토금중로40번길 11 (용현동)
감초당한의원,한의원,872-7475,"인천광역시 남구 인하로 276 (주안동,남부종합 2층)"
미애로여성의원,의원,873-0207,인천광역시 남구 주안서로 4 (주안동)
지디치과의원,치과의원,428-2275,인천광역시 남구 경원대로 884 (주안동)
노홍범치과의원,치과의원,881-2804,인천광역시 남구 낙섬중로 47 (용현동)
손신경외과의원,의원,864-1987,인천광역시 남구 경인로 293 (도화동)
네오연세치과의원,치과의원,502-2874,인천광역시 남구 독배로 420-1 (용현동)
세화의료소비자생활협동조합 세화치과의원,치과의원,1688-2028,인천광역시 남구 미추홀대로 729 (주안동)
건강한e치가의원,치과의원,437-2112,인천광역시 남구 경원대로 862 (주안동)
주안성모이비인후과의원,의원,872-8281,인천광역시 남구 석정로 387 (주안동)
주안참고운의원,의원,862-7582,인천광역시 남구 제일로 38 (도화동)
미르샘치과의원,치과의원,887--2275,인천광역시 남구 독정이로 32 (용현동)
가온길한의원,한의원,424-7511,인천광역시 남구 문화로 45 (관교동)
석바위연세마취통증의학과의원,의원,427-0048,인천광역시 남구 경원대로 848 (주안동)
사단법인 한국신장애인인협회 주안메디칼의원,의원,868-8806,인천광역시 남구 석정로423번길 3 (주안동)
올바른한의원,한의원,887-1075,인천광역시 남구 수봉로 22-1 (숭의동)
성심한의원,한의원,862-7524,인천광역시 남구 염창로 42 (주안동)
예지항외과의원,의원,887-0153,인천광역시 남구 숙골로 57 (도화동)
보인미소치과의원,치과의원,434-2804,인천광역시 남구 구월로 8-1 (주안동)
다나치과의원,치과의원,867-7575,인천광역시 남구 한나루로 389 (학익동)
주안연세소아청소년과의원,의원,875-3176,인천광역시 남구 미추홀대로 663-1 (주안동)
현한의원,한의원,431-1116,인천광역시 남구 인주대로 460 (주안동)
의료법인 화랑의료재단 문학메디칼의원,의원,432-0074,인천광역시 남구 매소홀로 572 (문학동)
금토화수목치과의원,치과의원,872-5154,인천광역시 남구 주안로 86 (주안동)
주안푸른의원,의원,438-1275,인천광역시 남구 미추홀대로614번길 3 (주안동)
주안푸른한의원,한의원,438-1275,인천광역시 남구 미추홀대로614번길 3 (주안동)
바른미래정형외과의원,의원,422-9917,인천광역시 남구 경인로425번길 6 (주안동)
용현탑치과의원,치과의원,884-7529,인천광역시 남구 낙섬중로 52 (용현동)
모아한의원,한의원,429-5866,인천광역시 남구 석산로 12 (주안동)
제선당한의원,한의원,881-1075,인천광역시 남구 토금남로 13 (용현동)
학익푸른의원,의원,883-1275,인천광역시 남구 매소홀로 446 (학익동)
박지영한의원,한의원,887-9475,인천광역시 남구 인주대로 127 (용현동)
성모가정의학과의원,의원,862-9931,인천광역시 남구 학익소로61번길 139 (학익동)
굿모닝연세의원,의원,881-7515,인천광역시 남구 미추로 31-1 (숭의동)
주안의료소비자생활협동조합 태진메디칼의원,의원,864-5200-2,인천광역시 남구 염창로 65 (주안동)
예사랑마취통증의학과의원,의원,462-0015,인천광역시 남구 경원대로 865 (주안동)
우성메디칼의원,의원,861-8878,인천광역시 남구 소성로 150 (학익동)
동성한의원,한의원,032-763-3636,인천광역시 동구 창영동 8
지성소아청소년과의원,일반의원,032-773-7200,인천광역시 동구 금곡동 10
덕성한의원,한의원,032-764-7427,인천광역시 동구 샛골로162번길 31 (송림동)
최신한의원,한의원,032-773-3200,인천광역시 동구 송림1동 236
남포치과의원,치과의원,032-773-3651,"인천광역시 동구 송림로 24, 304-1호 (금곡동, 두손빌딩)"
조문환의원,일반의원,032-773-2000,인천광역시 동구 송화로 1-1 (화평동)
이흥우치과의원,치과의원,032-766-0005,인천광역시 동구 동산로 86 (송림동)
조민형한의원,한의원,032-766-1010,인천광역시 동구 송림1동 234
이영우내과,일반의원,032-773-0070,인천광역시 동구 송현로16번길 10 (송현동)
천광한의원,한의원,032-766-0123,인천광역시 동구 샛골로 120 (송림동)
황호연산부인과의원,일반의원,032-773-3222,인천광역시 동구 샛골로 188 (송림동)
동인의원,일반의원,032-763-3627,인천광역시 동구 수문통로 58 (송현동)
신오범이비인후과의원,일반의원,032-763-5197,인천광역시 동구 샛골로 155 (송림동)
권의원,일반의원,032-763-1110,인천광역시 동구 샛골로 142 (송림동)
인천광역시 동구보건소,보건(의료원)소,032-770-5700,인천광역시 동구 석수로 90 (만석동)
대제당한의원,한의원,032-762-3553,"인천광역시 동구 송현1,2동 98"
황인의원,일반의원,032-772-4848,인천광역시 동구 화평로30번길 1 (화평동)
김윤태치과의원,치과의원,032-761-4848,인천광역시 동구 화도진로 35 (송현동)
동인천치과의원,치과의원,032-761-5942,인천광역시 동구 송화로 3 (화평동)
김의원,일반의원,032-766-8384,"인천광역시 동구 송림로 81, 2층층 (송림동)"
남치과의원,치과의원,032-576-2828,인천광역시 동구 봉수대로 98 (송림동)
대영한의원,한의원,032-773-4778,인천광역시 동구 화평로 12-1 (화평동)
한울치과의원,치과의원,032-762-1422,인천광역시 동구 화수로 18 (송현동)
보화당한의원,한의원,032-766-2555,인천광역시 동구 금곡로 84 (송림동)
최재혁치과의원,치과의원,032-772-2804,인천광역시 동구 샛골로 120 (송림동)
세림치과의원,치과의원,032-766-9697,인천광역시 동구 송림로 96 (송림동)
송림치과의원,치과의원,032-773-5935,인천광역시 동구 송림로 101 (송림동)
윤종길내과의원,일반의원,032-773-5005,"인천광역시 동구 송림로 96, 3층 303호 (송림동)"
동부제일의원,일반의원,032-761-3171,인천광역시 동구 화수로 18 (송현동)
백송치과의원,치과의원,032-589-2875,"인천광역시 동구 방축로 105, C동 2층 212호 (송림동, 산업유통센터 편익상가)"
복음의원,일반의원,032-765-7121,"인천광역시 동구 송림로 73-1, 2층 (송림동)"
보민한의원,한의원,032-765-9125,"인천광역시 동구 송림로 83 (송림동,2층)"
중앙치과의원,치과의원,032-773-9148,인천광역시 동구 샛골로 169 (송림동)
익수한의원,한의원,032-763-7582,인천광역시 동구 화도진로 65 (화평동)
세강정형외과,일반의원,032-766-3001,인천광역시 동구 화도진로 38-1 (송현동)
스마일치과의원,치과의원,032-762-2875,인천광역시 동구 화도진로 34 (송현동)
김찬진치과의원,치과의원,032-777-2275,인천광역시 동구 운교로 15 (화수동)
동부메디칼의원,일반의원,,인천광역시 동구 동산로 23 (송림동)
동인천내과,일반의원,032-765-5676,"인천광역시 동구 송현로 1 (송현동,송현프라자 401호)"
이현우메디칼의원,일반의원,032-773-7227,인천광역시 동구 화도진로 137 (만석동)
서울이비인후과,일반의원,032-777-3603,인천광역시 동구 샛골로 154 (송림동)
양치과의원,치과의원,032-766-7528,"인천광역시 동구 송림로 108, 2층 (송림동)"
화수성심의원,일반의원,032-763-2017,인천광역시 동구 화수로 43 (화수동)
성모메디칼한의원,한의원,032-777-9114,인천광역시 동구 샛골로 199 (송현동)
성모메디칼의원,일반의원,032-777-9114,인천광역시 동구 샛골로 199 (송현동)
우리내과의원,일반의원,032-777-3601,"인천광역시 동구 샛골로 154, 3, 4층 (송림동, 동우빌딩)"
송림성모의원,일반의원,032-766-7585,인천광역시 동구 송림로 84 (송림동)
연세성모의원,일반의원,032-772-0266,인천광역시 동구 만석동 38-1 만석비치타운주공@상가
미르비뇨기과의원,일반의원,032-766-8114,"인천광역시 동구 송림로 96, 3층 301호 (송림동)"
대동의원,일반의원,032-766-7701,인천광역시 동구 동산로 86-2 (송림동)
연세제일의원,일반의원,032-765-6557,인천광역시 동구 송림로 10 (금곡동)
세정굿모닝치과의원,치과의원,032-773-2275,"인천광역시 동구 송현로 47, 3층 (송현동)"
굿모닝내과의원,일반의원,032-762-0971,"인천광역시 동구 송림로 76, 3층 (송림동)"
굿모닝정형외과의원,일반의원,032-762-0971,"인천광역시 동구 송림로 76, 2층 (송림동)"
명인한의원,한의원,032-777-6886,"인천광역시 동구 송현로 38, 402호 (송현동, 송현프라자)"
솔빛치과의원,치과의원,032-777-7528,"인천광역시 동구 송현로 38, 201호 (송현동, 송현프라자)"
튼튼정형외과의원,일반의원,032-772-3551,인천광역시 동구 수문통로 54-1 (송현동)
일이삼한의원,한의원,032-761-1233,"인천광역시 동구 샛골로 173, 2층 (송림동)"
제중종합한의원,한의원,032-773-0052,"인천광역시 동구 새천년로 98 (송림동,1층전부, 2층일부)"
모세정형외과의원,일반의원,032-764-1700,인천광역시 동구 송림로 102-1 (송림동)
예나산부인과의원,일반의원,032-765-0050,"인천광역시 동구 송림로 96 (송림동,60-5 송림메디칼 601호)"
송림한의원,한의원,032-762-3025,"인천광역시 동구 송림로 96, 5층 503호 (송림동)"
명인치과의원,치과의원,032-773-2872,인천광역시 동구 송림로 96 (송림동)
신농씨한의원,한의원,032-777-3175,"인천광역시 동구 화도진로 109, 106호 (화수동, 화도진그린빌주공상가)"
동인천푸른세상안과의원,일반의원,032-777-7555,"인천광역시 동구 송림로 96, 7층 701, 702호 (송림동)"
비타민내과의원,일반의원,032-773-7008,"인천광역시 동구 운교로 5, 2층 (화수동)"
송림이비인후과의원,일반의원,032-772-7500,"인천광역시 동구 송림로 96 (송림동,송림메디칼빌딩 3층 302호)"
송림본마취통증의학과의원,일반의원,032-761-3838,"인천광역시 동구 송림로 96, 4층 (송림동)"
동제당한의원,한의원,032-765-7733,"인천광역시 동구 동산로 88, 2층 (송림동)"
선항외과,일반의원,032-772-0075,인천광역시 동구 송림로 96 (송림동)
마디정형외과의원,일반의원,032-766-8275,"인천광역시 동구 화도진로 63, 2,3,4층 (화평동)"
행복성심의원,일반의원,032-777-7233,인천광역시 동구 송화로44번길 13-1 (송현동)
사단법인 기독교국제선교협회 나무치과의원,치과의원,032-763-2875,"인천광역시 동구 송현로 1, 2층 (송현동, 송현프라자)"
젠치과,치과의원,032-773-1269,"인천광역시 동구 송현로 9 (송현동, 젠치과의원)"
봄 소아청소년과 의원,일반의원,032-766-7533,"인천광역시 동구 송미로 7, 2층 201호 (송림동)"
송림 푸른하늘 치과,치과의원,032-773-7528,"인천광역시 동구 송미로 7, 2층 (송림동)"
인천백치과의원,치과의원,,"인천광역시 동구 샛골로 212, 2,3층 (송림동)"
서울정형외과의원,일반의원,"032-777-0274, 5","인천광역시 동구 샛골로 159, 2,3,4층 (송림동)"
행복치과,치과의원,,인천광역시 동구 송화로44번길 13-1 (송현동)
솔빛소아청소년과의원,일반의원,032-777-6742,"인천광역시 동구 송현로 38, 401호 (송현동, 송현프라자)"
이승진한의원,한의원,,"인천광역시 동구 샛골로 182, 2층 (송림동)"
인천백병원,종합병원,032-765-7070,"인천광역시 동구 샛골로 214 (송림동, 인천백병원)"
인천광역시의료원,종합병원,032-580-6000,"인천광역시 동구 방축로 217 (송림동, 인천광역시 의료원)"
필한의원,일반한의원,032-777-1075,인천광역시 중구 우현로39번길 4-1 (신포동)
혜화당한의원,일반한의원,032-889-1275,인천광역시 중구 연안부두로33번길 36 (항동7가)
한국한의원,일반한의원,032-888-4118,인천광역시 중구 축항대로86번길 38 (항동7가)
형제한의원,일반한의원,032-886-8500,인천광역시 중구 서해대로 474 (신흥동2가)
동의보감한의원,일반한의원,032-766-5169,"인천광역시 중구 우현로 41-1, 2층 (신포동)"
행림한의원,일반한의원,032-747-1075,"인천광역시 중구 흰바위로 31 (운서동,에어로시티 301호)"
청송한의원,일반한의원,032-752-2228,"인천광역시 중구 운중로 22, 3층 (운남동)"
미소한의원,일반한의원,032-752-2008,"인천광역시 중구 신도시남로 137, 3층 (운서동)"
경성한의원,일반한의원,032-882-5353,"인천광역시 중구 제물량로 65, 2층 (신흥동3가)"
운서한의원,일반한의원,032-752-1075,"인천광역시 중구 흰바위로 41 (운서동,영종에어포트205호)"
국순당한의원,일반한의원,032-777-7658,인천광역시 중구 참외전로37번길 1 (송월동1가)
중국한의원,일반한의원,032-831-9917,인천광역시 중구 제물량로133번길 1 (답동)
인제한의원,일반한의원,032-751-4565,인천광역시 중구 영종대로 106 (운서동)
인하국제한의원,일반한의원,032-206-1890,인천광역시 중구 공항로424번길 84 (운서동)
신호용치과의원,일반치과의원,032-772-8021,인천광역시 중구 참외전로 130 (인현동)
전영섭치과의원,일반치과의원,032-772-3997,인천광역시 중구 제물량로 261 (선린동)
윤명국치과의원,일반치과의원,032-772-4102,인천광역시 중구 개항로 28 (신포동)
임광수치과의원,일반치과의원,032-763-8600,인천광역시 중구 제물량로 137 (답동)
황규동치과의원,일반치과의원,032-762-2828,인천광역시 중구 큰우물로 1 (경동)
김용운치과의원,일반치과의원,032-761-2230,인천광역시 중구 우현로 59 (내동)
정충근치과의원,일반치과의원,032-763-2888,인천광역시 중구 우현로35번길 1 (신포동)
허형범치과의원,일반치과의원,032-765-2828,인천광역시 중구 우현로 37-1 (신포동)
심치과의원,일반치과의원,032-764-2828,인천광역시 중구 답동로12번길 26-13 (신흥동1가)
민영규치과의원,일반치과의원,032-884-3483,인천광역시 중구 축항대로86번길 38 (항동7가)
이규원치과의원,일반치과의원,032-766-7757,"인천광역시 중구 우현로 51-1 (내동,(2층))"
최현수치과의원,일반치과의원,032-762-2649,인천광역시 중구 우현로 41-1 (신포동)
김경란치과의원,일반치과의원,032-887-4888,인천광역시 중구 연안부두로53번길 35 (항동7가)
박선희치과의원,일반치과의원,032-762-6980,인천광역시 중구 우현로 93 (인현동)
오영천치과의원,일반치과의원,032-772-5724,인천광역시 중구 우현로67번길 1-7 (내동)
김영열치과의원,일반치과의원,032-746-2875,"인천광역시 중구 운중로 19, 2층 (운남동)"
인천국제공항치과의원,일반치과의원,032-743-3116,인천광역시 중구 공항로 272 (운서동)
이플란트치과의원,일반치과의원,032-752-2275,"인천광역시 중구 신도시남로 137 (운서동,화평빌딩 3층 (303, 304호))"
노블치과의원,일반치과의원,032-746-2275,인천광역시 중구 흰바위로 41 (운서동)
더웰치과의원,일반치과의원,032-886-2875,"인천광역시 중구 인항로 235, 3층4층층 304호,405호호 (신흥동3가)"
이사랑치과의원,일반치과의원,032-751-2875,"인천광역시 중구 흰바위로 31 (운서동,에어로시티 3층 305호)"
건치과의원,일반치과의원,032-887-7582,"인천광역시 중구 제물량로 65, 3층 (신흥동3가)"
상아치과의원,일반치과의원,032-772-2877,"인천광역시 중구 우현로 75, 3층 (인현동)"
굿모닝치과의원,일반치과의원,032-761-6048,"인천광역시 중구 참외전로 117-9, 2층 (인현동)"
L 아름다운치과의원,일반치과의원,032-751-2275,"인천광역시 중구 흰바위로 51, 3층 (운서동, 롯데마트)"
뉴선치과의원,일반치과의원,032-886-7528,인천광역시 중구 서해대로209번길 2 (항동7가)
본플란트치과의원,일반치과의원,032-772-7528,"인천광역시 중구 우현로 34 (답동,덕원빌딩4층)"
보스톤미치과의원,일반치과의원,032-771-7582,"인천광역시 중구 신도시남로141번길 5-8 (운서동,천지인빌딩3층)"
인하국제치과의원,일반치과의원,032-206-1920,인천광역시 중구 공항로424번길 84 (운서동)
Q-프라임치과의원,일반치과의원,032-883-2080,"인천광역시 중구 인항로 42 (신흥동3가,3층)"
하늘수치과의원,일반치과의원,032-752-2875,"인천광역시 중구 하늘중앙로195번길 29 (중산동,3층 301호)"
영종하늘치과의원,일반치과의원,032-764-2804,"인천광역시 중구 운남로 168 (운남동,원빌딩 102호)"
김의원,일반의원,032-772-4346,인천광역시 중구 우현로 61-1 (내동)
성애의원,일반의원,032-766-7101,인천광역시 중구 인중로144번길 79 (답동)
이용화이비인후과의원,일반의원,032-762-8017,인천광역시 중구 우현로 63 (내동)
김원택성형외과의원,일반의원,032-761-6111,인천광역시 중구 우현로 34 (답동)
정원진성형외과의원,일반의원,032-763-5505,인천광역시 중구 개항로 60-1 (경동)
이재준내과의원,일반의원,032-883-6347,인천광역시 중구 축항대로86번길 38 (항동7가)
복지의원,일반의원,032-746-3747,인천광역시 중구 운중로71번길 14 (운남동)
장안과의원,일반의원,032-772-7918,인천광역시 중구 개항로 72-1 (경동)
윤비뇨기과,일반의원,032-762-8540,인천광역시 중구 우현로 90-1 (인현동)
송재현가정의원,일반의원,032-887-5775,인천광역시 중구 연안부두로33번길 36 (항동7가)
연안의원,일반의원,032-888-0033,인천광역시 중구 연안부두로33번길 16 (항동7가)
금강정형외과의원,일반의원,032-881-7541,인천광역시 중구 서해대로494번길 1 (유동)
신포김내과,일반의원,032-777-0902,인천광역시 중구 우현로39번길 2 (신포동)
삼성내과의원,일반의원,032-762-1137,인천광역시 중구 서해대로 476 (유동)
서울외과의원,일반의원,032-746-7582,인천광역시 중구 운중로 34 (운남동)
고정선정신건강의학과의원,일반의원,032-777-1182,인천광역시 중구 우현로 90 (인현동)
인천국제공항의원,일반의원,032-743-3119,인천광역시 중구 공항로 272 (운서동)
눈편한안과의원,일반의원,032-762-0088,"인천광역시 중구 우현로 75, 2층 (인현동)"
주내과의원,일반의원,032-751-7582,"인천광역시 중구 흰바위로 31, 201호 (운서동, 에어로시티B/D)"
아이들소아과의원,일반의원,032-751-3766,"인천광역시 중구 흰바위로 31, 304호 (운서동, 에어로시티B/D)"
신흥메디칼의원,일반의원,032-885-7582,인천광역시 중구 도원로7번길 11 (신흥동3가)
베스트이비인후과의원,일반의원,032-752-7582,"인천광역시 중구 신도시남로 137 (운서동,화평빌딩 207호,208호일부)"
신제일산부인과의원,일반의원,032-747-1118,"인천광역시 중구 신도시남로141번길 13-5, 401호 (운서동, 명품관)"
연세비뇨기과의원,일반의원,032-766-6363,"인천광역시 중구 우현로 86, 2층 (인현동)"
현대의원,일반의원,032-763-1888,"인천광역시 중구 우현로 41, 2층 (신포동)"
아이본산부인과의원,일반의원,032-772-7474,"인천광역시 중구 참외전로 160-1, 1-4, 6층 (경동)"
연세참가정의학과의원,일반의원,032-766-0075,"인천광역시 중구 우현로 47, 4층 (신포동)"
영종성심의원,일반의원,032-752-8275,"인천광역시 중구 영종대로 100, 5층 (운서동)"
김훈수 내과,일반의원,032-889-3378,"인천광역시 중구 제물량로 65, 3층 (신흥동3가)"
연세공항의원,일반의원,032-740-6119,"인천광역시 중구 공항로424번길 86-18 (운서동,인천골프클럽(3층))"
온누리내과의원,일반의원,032-747-0470,"인천광역시 중구 신도시남로 137, 2층 (운서동, 화평빌딩)"
모아연합소아청소년과의원,일반의원,032-751-8275,"인천광역시 중구 흰바위로 51, 3층 (운서동)"
해맑은의원,일반의원,032-751-6543,"인천광역시 중구 신도시남로 137, 403호 (운서동)"
다본안과의원,일반의원,032-763-6633,인천광역시 중구 우현로 47 (신포동)
운서성모정형외과의원,일반의원,032-746-7725,"인천광역시 중구 영종대로 106 (운서동,화림메디칼2층)"
열린이비인후과의원,일반의원,032-765-7510,"인천광역시 중구 우현로 75 (인현동,명훈빌딩 5층)"
푸른메디칼의원,일반의원,032-886-2827,인천광역시 중구 차이나타운로 11-2 (송월동3가)
참이비인후과의원,일반의원,032-746-7578,"인천광역시 중구 흰바위로 41 (운서동,영종에어포트 201호)"
성우메디칼의원,일반의원,032-762-1390,인천광역시 중구 제물량로 272-1 (북성동2가)
인하국제의원,일반의원,032-206-1800,인천광역시 중구 공항로424번길 84 (운서동)
연세소아청소년과의원,일반의원,032-752-2114,"인천광역시 중구 하늘달빛로 113 (중산동,영종하늘도시 우미린2단지 상가201호)"
영종연세안과의원,일반의원,032-752-8272,"인천광역시 중구 신도시남로 137 (운서동,화평빌딩 4층 (404, 405호))"
늘푸른소아청소년과의원,일반의원,032-751-7553,"인천광역시 중구 하늘중앙로195번길 29 (중산동,진로빌딩 303호)"
동인천효인요양병원,요양병원,032-548-6650,인천광역시 중구 우현로 62번길 30 (경동)
예지요양병원,요양병원,032-777-7774,인천광역시 중구 개항로 82 (경동)
화림요양병원,요양병원,032-751-8377,"인천광역시 중구 영종대로 106, 지하1층, 4~6층 (운서동)"
가천의대부속 동인천길병원,종합병원,032-770-1331,인천광역시 중구 큰우물로 21 (용동)
인천기독병원,종합병원,032-270-8000,인천광역시 중구 답동로30번길 10(율목동)
인하대학교의과대학부속병원,종합병원,032-890-2114,인천광역시 중구 인항로 27 (신흥동3가)
윈의원,일반의원,1544-0377,"인천광역시 부평구 경원대로 1382, 2층 (부평동, 대한빌딩)"
(사)외국인근로자와다문화가정지원협회 나눔치과의원,일반의원,032-524-2879,"인천광역시 부평구 평천로 394, 301호 (삼산동, 시티프라자)"
길치과의원,일반의원,032-362-2880,"인천광역시 부평구 마장로 385, 4층 (산곡동)"
가톨릭대학교 인천성모병원,일반병원,1544-9004,인천광역시 부평구 동수로 56 (부평동)
안은의료재단 부평세림병원,일반병원,509-5555,인천광역시 부평구 부평대로 175(청천동)
부평성심병원,일반병원,504-9966,인천광역시 부평구 마장로 447 (청천동)
한길의료재단한길안과병원,일반병원,503-3322,인천광역시 부평구 부평대로 35 (부평동)
부평중앙병원,일반병원,513-5500,인천광역시 부평구 부평대로 93 (부평동)
정병원,일반병원,031-750-6000,인천광역시 부평구 부흥로 412 (부개동)
새봄여성병원,일반병원,521-7200,인천광역시 부평구 마장로 316 (산곡동)
우먼메디여성병원,일반병원,508-2100,인천광역시 부평구 부흥로 290 (부평동)
유아이씨시카고치과병원,일반병원,508-6677,인천광역시 부평구 경원대로 1246 (산곡동)
구올담치과병원,일반병원,528-6030,인천광역시 부평구 경원대로 1418 (부평동)
글로리병원,일반병원,262-9000,인천광역시 부평구 길주로 655 (삼산동)
인천바오로병원,일반병원,525-7080,인천광역시 부평구 장제로 145 (부평동)
인천중앙한방병원,일반병원,500-0850,인천광역시 부평구 무네미로 420-1 (구산동)
참누리한방병원참누리의료소비자생활협동조합,일반병원,525-6001,인천광역시 부평구 원적로 469 (부평동)
의료법인정강의료재단위드미병원,일반병원,503-8275,인천광역시 부평구 부흥로 329 (부평동)
인천노인전문병원,일반병원,506-7551,인천광역시 부평구 장제로 117 (부평동)
부평한방병원,일반병원,527-7575,"인천광역시 부평구 부평대로51번길 7 (부평동, 2,5,6층)"
의)상원의료재단부평힘찬병원,일반병원,032-363-9135,인천광역시 부평구 장제로 78 (부평동)
근로복지공단인천산재병원,일반병원,032-5000-114,인천광역시 부평구 무네미로 446 (구산동)
의료법인나누리의료재단인천나누리병원,일반병원,1688-9797,인천광역시 부평구 장제로 156 (부평동)
동암노블휴요양병원,일반병원,421-7119,인천광역시 부평구 백범로 472 (십정동)
부평세연요양병원,일반병원,505-5114,"인천광역시 부평구 부흥로 329 (부평동, 로얄프라자 7층)"
나다의료재단소망병원,일반병원,529-0888,인천광역시 부평구 장제로 137 (부평동)
다인이비인후과병원,일반병원,515-2325,인천광역시 부평구 경원대로 1242 (산곡동)
참누리병원참누리의료소비자생활협동조합,일반병원,525-6001,인천광역시 부평구 원적로 469 (부평동)
더필립요양병원,일반병원,521-5555,인천광역시 부평구 장제로 175 (부평동)
올리브요양병원,일반병원,523-7771,인천광역시 부평구 장제로 129 (부평동)
새올요양병원,일반병원,507-3355,인천광역시 부평구 마장로 246 (산곡동)
중국광원한의원,한의원,466-1688,인천광역시 남동구 호구포로800번길 9 (구월동)
연세한의원,한의원,833-6789,"인천광역시 남동구 호구포로800번길 28, 203호 (구월동, 금한빌딩)"
경희한의원,한의원,468-7582,"인천광역시 남동구 호구포로800번길 23 (구월동, 2층)"
영한의원,한의원,465-3465,인천광역시 남동구 호구포로764번길 9-1 (구월동)
경희푸른솔한의원,한의원,469-1075,"인천광역시 남동구 호구포로535번길 48-2, 4층 (남촌동, 부경빌딩)"
정담한의원,한의원,434-7575,"인천광역시 남동구 호구포로 903 (간석동, 로얄빌딩)"
간석경희한의원,한의원,465-1075,인천광역시 남동구 호구포로 886 (간석동)
우리한의원,한의원,424-8455,인천광역시 남동구 호구포로 885 (간석동)
경희다예누한의원,한의원,472-8181,"인천광역시 남동구 호구포로 818, 3층 301,302호 (구월동, 퍼스트하임프라자)"
민들레한의원,한의원,463-0476,"인천광역시 남동구 호구포로 818, 2층 213,214호 (구월동, 퍼스트하임프라자)"
감초당한의원,한의원,462-7585,"인천광역시 남동구 호구포로 802, 2층 (구월동)"
모래내한의원,한의원,464-9963,인천광역시 남동구 호구포로 802 (구월동)
소아랑한의원,한의원,472-5200,"인천광역시 남동구 호구포로 796, 2층 (구월동)"
최용준한의원,한의원,465-3662,인천광역시 남동구 호구포로 790 (구월동)
장한의원,한의원,466-2500,인천광역시 남동구 호구포로 782 (구월동)
관수당한의원,한의원,425-1122,"인천광역시 남동구 호구포로 221, 503,504호 (논현동, 남동메디칼센터)"
소래한의원,한의원,032-424-1020,인천광역시 남동구 청능대로718번길 17 (논현동)
논현우리한의원,한의원,438-1675,"인천광역시 남동구 청능대로 583, 5층 (논현동, 중앙프라자)"
광제한의원,한의원,423-1275,"인천광역시 남동구 청능대로 581, 301호 (논현동, 광성프라자)"
서창한의원,한의원,465-7536,"인천광역시 남동구 장아산로 137, 4층 (서창동, 서창프라자)"
동서한의원,한의원,471-7077,인천광역시 남동구 장승로 31 (만수동)
박상광한의원,한의원,466-1995,"인천광역시 남동구 장승로 17, 3동 206호 (만수동, 창대장터상가)"
삼성제일한의원,한의원,467-3435,인천광역시 남동구 장승남로 61 (만수동)
형통한의원,한의원,462-1075,"인천광역시 남동구 장승남로 51, 4층 (만수동, 새한빌딩)"
누리한의원,한의원,465-7511,"인천광역시 남동구 장승남로 48, 401호 (만수동, 제우빌딩)"
광생한의원,한의원,471-1075,"인천광역시 남동구 장승남로 44, 4층 (만수동)"
키우미한의원,한의원,429-5675,인천광역시 남동구 인하로507번길 9 (구월동)
프리허그한의원,한의원,433-8269,"인천광역시 남동구 인하로507번길 74, 5층 502호 (구월동, 유진빌딩)"
숨길을열다한의원,한의원,427-1073,"인천광역시 남동구 인하로507번길 74, 5층 501호 (구월동, 유진빌딩)"
발머스한의원,한의원,437-3020,"인천광역시 남동구 인하로507번길 74, 301호 (구월동, 유진빌딩)"
규림한의원,한의원,421-3760,"인천광역시 남동구 인하로507번길 4, 5층 (구월동, 벽성빌딩)"
기린한의원,한의원,455-1075,"인천광역시 남동구 인하로507번길 18, 302호 (구월동, 대광프라자)"
튼튼마디한의원,한의원,428-9888,인천광역시 남동구 인하로507번길 1 (구월동)
세명한의원,한의원,435-9700,"인천광역시 남동구 인하로489번길 4 (구월동, 맨하탄빌딩 4층일부)"
행림한의원,한의원,431-0110,"인천광역시 남동구 인하로489번길 28 (구월동, 로데오프라자 505호)"
다올한의원,한의원,441-7585,"인천광역시 남동구 인하로489번길 10, 402호 (구월동, 프라자시티)"
함소아한의원,한의원,434-3001,"인천광역시 남동구 인하로 501, 6층 (구월동, PK1빌딩)"
고운사랑한의원,한의원,464-1275,"인천광역시 남동구 인주대로 664 (구월동, 3층)"
라파경희한의원,한의원,471-7591,"인천광역시 남동구 인주대로 661, 5층 (구월동, 조양시티프라자)"
안아픈세상한의원,한의원,545-5556,"인천광역시 남동구 인주대로 582, 4층 401호 (구월동, 신현프라자)"
코비한의원,한의원,435-1210,"인천광역시 남동구 인주대로 580, 2층 (구월동)"
예인한의원,한의원,431-1516,"인천광역시 남동구 인주대로 545-1, 2층 (구월동)"
국제한의원,한의원,811-1096,"인천광역시 남동구 은청로 18 (고잔동, 301호)"
이종구한의원,한의원,433-7172,"인천광역시 남동구 은봉로419번길 21, 2층 (논현동, 번성빌딩)"
시민한의원,한의원,435-6090,인천광역시 남동구 용천로168번길 16 (간석동)
인사랑한의원,한의원,464-1075,"인천광역시 남동구 용천로 82, 304호 (구월동)"
황금손한의원,한의원,468-6260,"인천광역시 남동구 용천로 80, 204호 (구월동)"
아이누리한의원,한의원,468-8575,"인천광역시 남동구 용천로 68, 301층 (구월동, 써니프라자)"
자연과한의원,한의원,425-8575,"인천광역시 남동구 예술로140번길 33, 7층 (구월동, 화성빌딩)"
늘푸른한의원,한의원,438-4575,"인천광역시 남동구 에코중앙로156번길 5-33, 2층 (논현동)"
화접몽한의원,한의원,215-7579,"인천광역시 남동구 성말로13번길 15, 3층 305호 (구월동, 메인프라자)"
샬롬한의원,한의원,432-3530,인천광역시 남동구 성말로13번길 15 (구월동)
일맥한의원,한의원,519-7979,"인천광역시 남동구 성말로 10, 410호 (구월동, 효명프라자)"
신망애한의원,한의원,434-2075,"인천광역시 남동구 석산로141번길 1 (간석동, 대성프라자3층)"
백제한의원,한의원,429-0018,"인천광역시 남동구 석산로 249, 2층 (간석동)"
선한의원,한의원,424-1688,"인천광역시 남동구 석산로 175, 302호 (간석동, 정문프라자)"
연지한의원,한의원,421-1023,"인천광역시 남동구 석산로 159, 303호 (간석동)"
예당한의원,한의원,429-1075,"인천광역시 남동구 석산로 135 (간석동, 201호 일부)"
성혁제한의원,한의원,468-1075,인천광역시 남동구 서창동 3블록 8롯트 3층
명문한의원,한의원,471-0781,"인천광역시 남동구 백범로124번길 7, 나동 205호 (만수동, 만수주공상가)"
경일한의원,한의원,423-0493,인천광역시 남동구 백범로 395 (간석동)
경희수한의원,한의원,424-4789,"인천광역시 남동구 백범로 322 (간석동, 2층일부)"
안태건한의원,한의원,439-7582,"인천광역시 남동구 백범로 315, 1층, 지하1층 (간석동)"
김재민한의원,한의원,464-6880,인천광역시 남동구 백범로 213 (만수동)
청원한의원,한의원,471-1030,"인천광역시 남동구 백범로 123, 3층 302호 (만수동, 상지프라자)"
서정민한의원,한의원,428-1534,인천광역시 남동구 방축로 503 (간석동)
자연숲한의원,한의원,423-1423,"인천광역시 남동구 문화서로4번길 18, 1층 (구월동)"
구월한의원,한의원,421-9494,"인천광역시 남동구 문화서로3번길 1 (구월동, 2층)"
영광한의원,한의원,"431-0124, 435-2000",인천광역시 남동구 문화로 83 (구월동)
하임한의원,한의원,468-7510,"인천광역시 남동구 만수서로37번길 11, 401호 (만수동, 영재코어빌딩)"
드림한의원,한의원,464-1079,"인천광역시 남동구 만수서로 52, 301호 (만수동, 쓰리제이빌딩)"
임치유한의원,한의원,462-9456,인천광역시 남동구 만수로37번길 8-8 (만수동)
국승민한의원,한의원,463-1088,"인천광역시 남동구 만수로 71, 2층 (만수동)"
초당한의원,한의원,461-8756,인천광역시 남동구 만수로 65 (만수동)
만수한의원,한의원,463-7511,"인천광역시 남동구 만수로 63 (만수동, 만수프라자201호)"
향촌한의원,한의원,461-3858,"인천광역시 남동구 만수로 47, 403,404호 (만수동)"
중화한의원,한의원,463-3888,"인천광역시 남동구 만수로 43 (만수동, 2층일부)"
명성준한의원,한의원,467-8141,"인천광역시 남동구 만수로 33 (만수동, 2층)"
성재한의원,한의원,461-7117,인천광역시 남동구 만수로 1 (만수동)
동원한의원,한의원,467-7257,"인천광역시 남동구 독점로 2 (구월동, 2층)"
도림한의원,한의원,441-1917,인천광역시 남동구 도림동 25블록 5롯트(288-13번지)  현영빌딩(2층)
정한의원,한의원,467-8275,"인천광역시 남동구 담방로21번길 55, 209~211호 (만수동, 뉴서울A상가)"
동의보감한의원,한의원,462-5551,"인천광역시 남동구 담방로 45 (만수동, 희망프라자2층)"
이규린한의원,한의원,466-6777,"인천광역시 남동구 담방로 39 (만수동, 로얄프라자303호)"
호구포한의원,한의원,032-432-1101,인천광역시 남동구 논현로 42 (논현동)
연성한의원,한의원,427-7510,"인천광역시 남동구 논현동 C3블록 1로트 메디스타워  503,504호"
유생한의원,한의원,426-2244,인천광역시 남동구 논현동 논현택지지구 13-1
침맥한의원,한의원,858-7533,"인천광역시 남동구 논고개로123번길 17, 514호 (논현동, 아이플렉스)"
논현한의원,한의원,433-1079,"인천광역시 남동구 논고개로 86, 4층 401호 (논현동)"
맑은숲한의원,한의원,435-7711,"인천광역시 남동구 논고개로 80, 301호 (논현동, 나로프라자)"
지경욱한의원,한의원,465-0616,"인천광역시 남동구 논고개로 121, 401호 (논현동, 에스닷몰)"
맑은경희한의원,한의원,433-4377,"인천광역시 남동구 논고개로 120 (논현동, 논현프라자 401호, 402호일부)"
도원한의원,한의원,818-7505,"인천광역시 남동구 논고개로 101 (논현동, 아름다운타워 602호일부)"
소나무한의원,한의원,466-1075,인천광역시 남동구 남촌동로25번길 43 (남촌동)
명제한의원,한의원,469-2233,인천광역시 남동구 남촌동로 50-3 (남촌동)
푸른경희한의원,한의원,446-1075,"인천광역시 남동구 남동대로370번길 119, 201호 (논현동, 견우프라자)"
심준보한의원,한의원,442-1075,"인천광역시 남동구 남동대로 894, 2층 (간석동, 강남빌딩)"
차앤미한의원,한의원,435-1075,"인천광역시 남동구 남동대로 892, 3층 (간석동, 일주빌딩)"
여우한의원,한의원,423-8210,"인천광역시 남동구 남동대로 890 (간석동, 302호)"
우보한의원,한의원,421-0964,"인천광역시 남동구 남동대로 880, A동 402호 (간석동, 올리브아울렛)"
푸른솔한의원,한의원,441-1075,"인천광역시 남동구 남동대로 875 (간석동, 2층일부)"
으뜸한의원,한의원,464-3888,"인천광역시 남동구 구월로276번길 70, 2층 (구월동)"
경희온유한의원,한의원,422-1075,인천광역시 남동구 구월로 62 (간석동)
평강한의원,한의원,462-8815,인천광역시 남동구 구월로 366-1 (만수동)
경희일이삼한의원,한의원,463-1123,"인천광역시 남동구 구월로 280, 2층 (구월동)"
김주영한의원,한의원,469-9988,인천광역시 남동구 구월로 279 (만수동)
인산한의원,한의원,471-7975,"인천광역시 남동구 구월로 268, 201호 (구월동)"
건강드림한의원,한의원,463-7588,"인천광역시 남동구 구월로 212 (구월동, 힐캐슬프라자 205, 206호)"
코편한한의원,한의원,467-5575,"인천광역시 남동구 구월로 192, 207호 (구월동, 힐캐슬프라자)"
보원한의원,한의원,469-0180,"인천광역시 남동구 구월남로 280 (구월동, 알파프라자 2층일부)"
경희수세보원한의원,한의원,461-1617,"인천광역시 남동구 구월남로 198, 303호 (구월동, 트인프라자)"
홍성진한의원,한의원,467-8700,인천광역시 남동구 구월남로 194 (구월동)
하우한의원,한의원,462-7075,"인천광역시 남동구 구월남로 190, 401,402호 (구월동, 퍼스트프라자)"
경희진한의원,한의원,461-7582,인천광역시 남동구 구월남로 172 (구월동)
경희청담한의원,한의원,715-7575,"인천광역시 남동구 구월남로 163, 303호 (구월동, 토성프라자)"
에코한의원,한의원,426-1325,인천광역시 남동구 고잔동  RC 14블록 1로트 3층
조은한의원,한의원,427-7533,"인천광역시 남동구 경인로 520, 302호 (간석동, 탑프라자)"
연세선치과의원,치과의원,467-2804,"인천광역시 남동구 호구포로810번길 53, 302호 (구월동)"
상아치과의원,치과의원,471-2875,"인천광역시 남동구 호구포로535번길 48-2, 2층 (남촌동, 부경빌딩)"
남촌굿모닝치과의원,치과의원,461-2080,"인천광역시 남동구 호구포로535번길 34, 3층 (남촌동, 지원빌딩)"
밝은햇빛치과,치과의원,472-2866,"인천광역시 남동구 호구포로 920, 303호 (만수동, 벽산A상가)"
이편한치과의원,치과의원,427-2465,"인천광역시 남동구 호구포로 901 (간석동, 3층일부)"
인천예치과의원,치과의원,465-2870,"인천광역시 남동구 호구포로 818, 504~507호 (구월동, 퍼스트하임프라자)"
프린스앤프린세스치과의원,치과의원,258-2875,"인천광역시 남동구 호구포로 818, 4층 (구월동, 퍼스트하임프라자)"
미소라인플러스치과의원,치과의원,472-8575,"인천광역시 남동구 호구포로 818, 403호 (구월동, 퍼스트하임프라자)"
김종화치과,치과의원,464-4708,"인천광역시 남동구 호구포로 812 (구월동, 한빛하이존 3층)"
두리치과의원,치과의원,464-2244,"인천광역시 남동구 호구포로 808 (구월동, 2층, 3층일부)"
서울치과의원,치과의원,467-0569,인천광역시 남동구 호구포로 802 (구월동)
용치과의원,치과의원,467-7528,"인천광역시 남동구 호구포로 798 (구월동, 가동 2층)"
주사랑치과,치과의원,463-0428,인천광역시 남동구 호구포로 796 (구월동)
연세우리치과의원,치과의원,473-2828,"인천광역시 남동구 호구포로 794-1, 5층 (구월동)"
편한세상부부치과의원,치과의원,466-2879,인천광역시 남동구 호구포로 790 (구월동)
다인치과의원,치과의원,431-2275,"인천광역시 남동구 호구포로 220, 601,602호 (논현동, 명진프라자)"
행복한치과의원,치과의원,442-2828,"인천광역시 남동구 포구로 64-14 (논현동, 소래풍림상가201호)"
아름드림치과의원,치과의원,438-2888,"인천광역시 남동구 청능대로718번길 31, 3층 (논현동)"
굿모닝치과의원,치과의원,817-2882,"인천광역시 남동구 청능대로289번길 73 (고잔동, 5층일부)"
인천논현유디치과의원,치과의원,433-9366,"인천광역시 남동구 청능대로 593, 7층 (논현동, 신성프라자)"
다비안치과의원,치과의원,421-2879,"인천광역시 남동구 청능대로 583, 402호 (논현동, 중앙프라자)"
이미지치과의원,치과의원,437-2879,"인천광역시 남동구 청능대로 581, 402호 (논현동, 광성프라자)"
기쁜우리치과의원,치과의원,423-8875,"인천광역시 남동구 청능대로 563, 3층 (논현동)"
서울이사랑치과의원,치과의원,473-2882,"인천광역시 남동구 장아산로190번길 10-18, 3층 (서창동)"
서울삼성치과의원,치과의원,466-2870,"인천광역시 남동구 장아산로 137, 3층 (서창동, 서창중앙프라자)"
창대치과의원,치과의원,462-2875,"인천광역시 남동구 장승로 25, 203호 (만수동, 장승백이상가)"
김유진치과의원,치과의원,466-9889,"인천광역시 남동구 장승남로 62 (만수동, 기성빌딩3층)"
강충구치과,치과의원,463-7300,인천광역시 남동구 장승남로 61 (만수동)
이아름다운치과의원,치과의원,466-0078,인천광역시 남동구 장승남로 46 (만수동)
부부미치과,치과의원,472-2875,"인천광역시 남동구 장승남로 37, 401호 (만수동, 스카이프라자)"
김형수치과의원,치과의원,469-2875,"인천광역시 남동구 장승남로 36, 204호 (만수동, 만수프라자)"
동화치과의원,치과의원,469-5275,"인천광역시 남동구 장승남로 35 (만수동, 대영프라자 303호)"
서울나란이치과의원,치과의원,441-2858,"인천광역시 남동구 인하로507번길 9, 202호 (구월동, 하나빌딩)"
구월룡플란트치과의원,치과의원,441-2282,"인천광역시 남동구 인하로507번길 74, 2층 (구월동, 유진빌딩)"
청원치과의원,치과의원,427-2525,"인천광역시 남동구 인하로507번길 4, 4층 (구월동, 벽성빌딩)"
새이플란트치과의원,치과의원,428-2282,"인천광역시 남동구 인하로507번길 14, 5층 (구월동, 탑프라자)"
맨하탄청원치과의원,치과의원,437-7400,"인천광역시 남동구 인하로489번길 4, 6층 (구월동)"
연세고운미소치과의원,치과의원,432-2000,"인천광역시 남동구 인하로 501 (구월동, 2층일부)"
샘모아치과의원,치과의원,438-2275,"인천광역시 남동구 인하로 497-8, 4층 (구월동, 오아시스빌딩)"
인향치과의원,치과의원,466-2288,"인천광역시 남동구 인주대로 670, 1층 (구월동, 인향스포렉스)"
미소가밝은치과의원,치과의원,433-0100,"인천광역시 남동구 인주대로 588, 8층 (구월동, 대암빌딩)"
연세프라임치과의원,치과의원,431-8275,"인천광역시 남동구 인주대로 582, 4층 (구월동, 신현프라자)"
예술치과의원,치과의원,435-2123,"인천광역시 남동구 인주대로 580, 3층 (구월동, 엔앤피빌딩)"
고잔연세프라임치과의원,치과의원,812-2875,"인천광역시 남동구 은청로 9, A동 401호 (고잔동, 현대종합상가)"
올리브치과의원,치과의원,814-2804,"인천광역시 남동구 은청로 18, 302호 (고잔동, 남동상공빌딩)"
서울이앤이치과의원,치과의원,467-9742,"인천광역시 남동구 용천로 80, 203호 (구월동)"
참좋은부부치과의원,치과의원,032- 465-2055,"인천광역시 남동구 용천로 68, 5층 501호 (구월동, 써니프라자)"
간석서울치과의원,치과의원,433-4228,인천광역시 남동구 용천로 156 (간석동)
유디치과의원,치과의원,442-2882,"인천광역시 남동구 예술로192번길 31, 3층 (구월동, 대건빌딩)"
이토모아치과의원,치과의원,433-2275,"인천광역시 남동구 예술로 138, 302,303호 (구월동, 이토타워)"
에코올리브치과의원,치과의원,438-2882,"인천광역시 남동구 에코중앙로 5-15, 2층 (논현동)"
소래사랑치과의원,치과의원,446-0700,인천광역시 남동구 앵고개로 963 (논현동)
리빙웰편한세상치과의원,치과의원,814-9405,"인천광역시 남동구 앵고개로 463 (고잔동, 남동공단 89B 5L)"
신명치과의원,치과의원,423-2875,"인천광역시 남동구 소래로669번길 41, 2층 (만수동)"
서민플란트치과의원,치과의원,425-0088,"인천광역시 남동구 성말로13번길 15, 407호 (구월동,메인프라자)"
자연미소치과의원,치과의원,437-2875,"인천광역시 남동구 성말로13번길 15, 406호 (구월동, 메인프라자)"
문상준치과의원,치과의원,432-2875,"인천광역시 남동구 석정로 515, 205,206호 (간석동)"
송지용치과의원,치과의원,421-1666,인천광역시 남동구 석산로 52 (간석동)
연세느티나무치과의원,치과의원,421-1579,"인천광역시 남동구 석산로 175, 303호 (간석동, 정문프라자)"
이로은치과의원,치과의원,422-2886,"인천광역시 남동구 석산로 159, 302호 (간석동, 보인프라자)"
청치과의원,치과의원,433-1162,"인천광역시 남동구 석산로 138, 1동 201호 (간석동, 어울림상가)"
바른치과의원,치과의원,434-7528,"인천광역시 남동구 석산로 135, 302호 (간석동)"
레몬트리치과의원,치과의원,462-2879,인천광역시 남동구 서창동 서창2지구 근생3 1블록 1로트 서창건아빌딩 301호
미소하나치과의원,치과의원,472-2275,인천광역시 남동구 서창동 3블록8롯트 진명빌딩 3층
최앤선치과의원,치과의원,425-2875,"인천광역시 남동구 백범로 322, 5층 (간석동)"
간석부부치과의원,치과의원,434-4618,인천광역시 남동구 백범로 320 (간석동)
간석치과의원,치과의원,437-9079,인천광역시 남동구 백범로 268 (간석동)
연세김치과의원,치과의원,461-2875,인천광역시 남동구 백범로 212 (만수동)
연세린치과의원,치과의원,462-2828,"인천광역시 남동구 백범로 132 (만수동, 만수프라자 201.202호)"
탑치과의원,치과의원,461-7528,"인천광역시 남동구 백범로 123, 304호 (만수동, 상지프라자)"
해맑은치과의원,치과의원,421-2804,"인천광역시 남동구 방축로 503, 304호 (간석동, 우성A상가)"
원흥영치과의원,치과의원,429-2875,인천광역시 남동구 문화서로23번길 4 (구월동)
연세심치과의원,치과의원,422-3327,인천광역시 남동구 문화서로 8 (구월동)
드림모아치과의원,치과의원,421-7528,인천광역시 남동구 문화로 59 (구월동)
고기종치과의원,치과의원,464-2875,"인천광역시 남동구 만수서로 56, 301호 (만수동)"
휴먼치과의원,치과의원,463-2080,"인천광역시 남동구 만수서로 52, 302호 (만수동, 쓰리제이프라자)"
정광수치과의원,치과의원,461-1401,"인천광역시 남동구 만수로50번길 27 (만수동, 만수주공@상가나동 205호)"
김정복치과의원,치과의원,462-7763,인천광역시 남동구 만수로37번길 8-8 (만수동)
연세차치과의원,치과의원,463-9692,인천광역시 남동구 만수로 71 (만수동)
성모치과의원,치과의원,464-2876,"인천광역시 남동구 만수로 63 (만수동, 302호)"
유승원치과의원,치과의원,468-2528,인천광역시 남동구 만수로 47 (만수동)
선치과의원,치과의원,471-7528,인천광역시 남동구 만수로 43 (만수동)
허브치과의원,치과의원,473-2875,"인천광역시 남동구 만수로 31-1, 2층 (만수동)"
만수푸른치과의원,치과의원,471-2804,"인천광역시 남동구 만수로 107, 2층 (만수동, 은성프라자)"
도림이편한치과의원,치과의원,446-2758,인천광역시 남동구 도림동 12블록 4록트(3층)
효심는치과의원,치과의원,463-2820,인천광역시 남동구 담방로21번길 55 (만수동)
프라임치과의원,치과의원,463-1176,"인천광역시 남동구 담방로 45, 201호 (만수동, 희망프라자)"
정준래치과의원,치과의원,464-1766,인천광역시 남동구 담방로 39 (만수동)
논현사랑치과의원,치과의원,432-7008,"인천광역시 남동구 논현역로 8, 502호 (논현동, 아이엠프라자)"
연세웃는얼굴치과의원,치과의원,439-2772,"인천광역시 남동구 논현로46번길 14, 504호 (논현동, 리더스프라자)"
서울스타치과의원,치과의원,432-2872,"인천광역시 남동구 논현로 42, 302호 (논현동, 제일프라자)"
스마일치과의원,치과의원,441-2822,인천광역시 남동구 논현동503-3  주공2단지 상가 201호
서울한치과의원,치과의원,446-2888,"인천광역시 남동구 논현동 에코메트로한화12단지A상가 214,215호"
논현함박웃음치과의원,치과의원,426-2274,인천광역시 남동구 논현동 746번지 4호 에코타워 403호
미소담치과의원,치과의원,424-7528,"인천광역시 남동구 논고개로123번길 35, 409,410호 (논현동, 칼리오페)"
닥터스마일치과의원,치과의원,422-3100,"인천광역시 남동구 논고개로123번길 17, 501,502호 (논현동, 아이플렉스)"
보미퍼스트치과의원,치과의원,032-439-2755,"인천광역시 남동구 논고개로 93, 4층 405~411호 (논현동, 보미리즌텔)"
다이아몬드치과의원,치과의원,032-438-7275,"인천광역시 남동구 논고개로 86, 3층 (논현동, 모아프라자)"
퍼스트치과의원,치과의원,429-2275,"인천광역시 남동구 논고개로 80 (논현동, 나로프라자 4층 403호, 5층)"
도림열린치과의원,치과의원,421-2875,"인천광역시 남동구 논고개로 325, 201호 (도림동, 명례빌딩)"
논현모아치과의원,치과의원,441-2275,"인천광역시 남동구 논고개로 121, 5층 (논현동, 예스닷몰)"
논현고운이치과의원,치과의원,446-7528,"인천광역시 남동구 논고개로 120, 701호 (논현동, 논현프라자)"
노블리안치과의원,치과의원,424-2275,"인천광역시 남동구 논고개로 117, 401호 (논현동, 메트로타워)"
서울플러스치과의원,치과의원,437-2275,"인천광역시 남동구 논고개로 114, 5층 (논현동)"
연세웰키즈치과의원,치과의원,441-2879,"인천광역시 남동구 논고개로 101, 601호 (논현동, 아름다운타워)"
논현예치과의원,치과의원,434-7582,"인천광역시 남동구 논고개로 101, 503호 (논현동, 아름다운타워)"
남촌치과의원,치과의원,468-9786,인천광역시 남동구 남촌동로25번길 43 (남촌동)
푸른치과의원,치과의원,446-2882,"인천광역시 남동구 남동대로370번길 114, 201호 (논현동, 동보A상가)"
정관호치과의원,치과의원,422-2875,인천광역시 남동구 남동대로 894 (간석동)
희망모아치과의원,치과의원,422-2282,"인천광역시 남동구 남동대로 892, 5층 (간석동, 일주빌딩)"
김미영치과의원,치과의원,422-8766,"인천광역시 남동구 남동대로 890 (간석동, 지상3층)"
간석굿모닝치과의원,치과의원,427-2828,"인천광역시 남동구 남동대로 886, 201,202호 (간석동)"
희망치과의원,치과의원,431-2875,인천광역시 남동구 남동대로 883 (간석동)
더라움치과의원,치과의원,423-7528,"인천광역시 남동구 남동대로 880, 3층 (간석동, 올리브아울렛)"
올리브미치과의원,치과의원,422-2888,인천광역시 남동구 남동대로 879 (간석동)
제일청원치과의원,치과의원,428-2838,"인천광역시 남동구 남동대로 875, 4층 (간석동)"
서울도담치과의원,치과의원,465-2829,"인천광역시 남동구 남동대로 860, 3동 301호 (간석동, 래미안자이상가)"
서울미치과의원,치과의원,461-2804,"인천광역시 남동구 남동대로 772, 3층 (구월동, 동성빌딩)"
이진치과의원,치과의원,467-6850,인천광역시 남동구 남동대로 728 (구월동)
우리치과의원,치과의원,472-2291,인천광역시 남동구 구월말로 117 (만수동)
서울e치과의원,치과의원,423-3275,인천광역시 남동구 구월로 79 (간석동)
김영호치과의원,치과의원,428-1248,인천광역시 남동구 구월로 77 (간석동)
미소준치과의원,치과의원,467-2275,"인천광역시 남동구 구월로 352 (만수동, 3층일부)"
오케이치과의원,치과의원,469-7528,"인천광역시 남동구 구월로 307, 2층 (만수동)"
모래내치과의원,치과의원,468-2755,"인천광역시 남동구 구월로 280, 5층 (구월동)"
물방울치과의원,치과의원,469-2811,"인천광역시 남동구 구월로 279, 3층 (만수동)"
우리들치과의원,치과의원,463-2804,"인천광역시 남동구 구월로 278, 2층 (구월동)"
서울좋은치과의원,치과의원,467-2801,"인천광역시 남동구 구월로 272, 2층 (구월동, 파크빌딩)"
우리두리의료생활협동조합 우리두리치과의원,치과의원,472-6222,"인천광역시 남동구 구월로 268, 5층 (구월동, 대성빌딩)"
서울라임치과의원,치과의원,467-3558,"인천광역시 남동구 구월로 223, 301호 (구월동, 위너스프라자)"
튼튼아이치과의원,치과의원,461-2275,"인천광역시 남동구 구월로 192, 314호 (구월동, 힐캐슬프라자)"
밀레니엄치과의원,치과의원,473-2275,"인천광역시 남동구 구월로 192, 310,311호 (구월동, 힐캐슬프라자)"
세종고운이치과의원,치과의원,464-2828,"인천광역시 남동구 구월로 192 (구월동, 힐캐슬프라자 215,221,222호)"
안경모치과의원,치과의원,425-2828,"인천광역시 남동구 구월로 119, 604호 (간석동, 진영프라자)"
김선주치과의원,치과의원,461-9004,인천광역시 남동구 구월남로 333 (만수동)
나광룡치과의원,치과의원,471-0617,"인천광역시 남동구 구월남로 280, 3층 (구월동)"
행복을심는치과의원,치과의원,464-2050,"인천광역시 남동구 구월남로 228, 401호 (구월동, 컨스타빌딩)"
행복한치과의원,치과의원,432-2833,"인천광역시 남동구 구월남로 198, 302호 (구월동, 트인프라자)"
서울퍼스트치과의원,치과의원,471-2882,"인천광역시 남동구 구월남로 190, 301호 (구월동, 퍼스트프라자)"
미소시티치과의원,치과의원,423-6158,"인천광역시 남동구 구월남로 182 (구월동, 명일프라자 5층)"
서울이턱치과의원,치과의원,472-7528,"인천광역시 남동구 구월남로 172, 5층 501호 (구월동, 정락빌딩)"
서울탑치과의원,치과의원,032-426-8275,인천광역시 남동구 고잔동 RC14블록 8로트 3층
정다운치과의원,치과의원,463-2875,"인천광역시 남동구 경인로 668, 2층 (간석동)"
연세치과의원,치과의원,425-5400,인천광역시 남동구 경인로 530 (간석동)
기분좋은치과의원,치과의원,435-2879,"인천광역시 남동구 경인로 520, 402호 (간석동, 탑프라자)"
플러스치과의원,치과의원,876-2900,"인천광역시 남동구 경원대로 971, 2층 (간석동, 간석홈플러스)"
간석오거리 룡플란트치과의원,치과의원,426-2282,인천광역시 남동구 간석4동 216번지 10호 2층
남촌가정의원,의원,467-3235,"인천광역시 남동구 호구포로535번길 48-2 (남촌동, 부경빌딩 3층)"
이형원소아청소년과의원,의원,442-3477,인천광역시 남동구 호구포로 921 (간석동)
수내과의원,의원,467-5775,"인천광역시 남동구 호구포로 920, 306호 (만수동, 벽산상가)"
견우정형외과의원,의원,432-3030,"인천광역시 남동구 호구포로 911 (간석동, 신일빌딩3층)"
인천속내과의원,의원,431-0119,"인천광역시 남동구 호구포로 893, 2층 (간석동, 중앙빌딩)"
최내과의원,의원,423-2313,인천광역시 남동구 호구포로 885 (간석동)
이의원,의원,463-0021,"인천광역시 남동구 호구포로 884 (간석동, 1층)"
세종메디컬정형외과의원,의원,466-4975,"인천광역시 남동구 호구포로 872 (구월동, 1~3층,4층일부,5층)"
박태동산부인과의원,의원,469-3535,인천광역시 남동구 호구포로 870 (구월동)
이준승내과의원,의원,461-6777,"인천광역시 남동구 호구포로 832, 2층 (구월동, 케이씨씨)"
다정산부인과의원,의원,463-5500,인천광역시 남동구 호구포로 826 (구월동)
세종마취통증의학과의원,의원,465-7588,"인천광역시 남동구 호구포로 818, 3층 (구월동, 퍼스트하임프라자)"
서울삼성내과의원,의원,465-0377,"인천광역시 남동구 호구포로 818, 201호 (구월동, 퍼스트하임프라자)"
다정한소아청소년과의원,의원,472-1110,"인천광역시 남동구 호구포로 818 (구월동, 퍼스트하임 208,209,210호)"
예미안피부과의원,의원,472-2677,"인천광역시 남동구 호구포로 818 (구월동, 퍼스트하임 202호, 203호일부)"
다인안과의원,의원,465-0075,인천광역시 남동구 호구포로 818 (구월동)
새샘정형외과의원,의원,465-6633,인천광역시 남동구 호구포로 818 (구월동)
한나이비인후과의원,의원,463-1077,인천광역시 남동구 호구포로 812 (구월동)
구월김안과의원,의원,462-5677,"인천광역시 남동구 호구포로 808, 301호 (구월동)"
연세내과의원,의원,464-6953,"인천광역시 남동구 호구포로 808 (구월동, 수정빌딩102호)"
오케이재활의학과의원,의원,463-8875,"인천광역시 남동구 호구포로 808 (구월동, 수정빌딩 401,402호)"
행복드림의원,의원,467-0467,"인천광역시 남동구 호구포로 808 (구월동, 5층, 6층일부)"
서울아산이비인후과의원,의원,471-7102,인천광역시 남동구 호구포로 808 (구월동)
모래내굿모닝내과의원,의원,032-467-7599,"인천광역시 남동구 호구포로 798, 2층 나호 (구월동)"
김동석이비인후과의원,의원,471-5224,인천광역시 남동구 호구포로 798 (구월동)
강남성모의원,의원,465-0884,인천광역시 남동구 호구포로 798 (구월동)
솔의원,의원,464-0075,"인천광역시 남동구 호구포로 796 (구월동, 3층)"
해맑은소아청소년과의원,의원,471-8471,인천광역시 남동구 호구포로 796 (구월동)
메이플이비인후과의원,의원,463-1117,"인천광역시 남동구 호구포로 794-1 (구월동, 3층)"
연세똘똘이소아청소년과의원,의원,463-0025,인천광역시 남동구 호구포로 794-1 (구월동)
남동성모외과의원,의원,465-6342,인천광역시 남동구 호구포로 788 (구월동)
홍외과의원,의원,465-0110,인천광역시 남동구 호구포로 770 (구월동)
베스트항외과,의원,461-0356,인천광역시 남동구 호구포로 751 (구월동)
서울성모정형외과의원,의원,442-1010,"인천광역시 남동구 호구포로 220, 5층 (논현동, 명진프라자)"
심연세이비인후과의원,의원,431-6166,"인천광역시 남동구 호구포로 220, 403호 (논현동, 명진프라자)"
양소아청소년과의원,의원,446-2364,"인천광역시 남동구 함박뫼로 441 (논현동, 203호)"
정메디칼의원,의원,472-5536,"인천광역시 남동구 하촌로 30, 3층 (만수동)"
서울의원,의원,446-1669,"인천광역시 남동구 포구로 96 (논현동, 주공A상가 203호일부, 204호)"
논현신메디칼의원,의원,437-7585,인천광역시 남동구 포구로 75 (논현동)
한물결의원,의원,446-8275,"인천광역시 남동구 포구로 64-35, 2층 (논현동)"
우먼산부인과의원,의원,032-428-9034,"인천광역시 남동구 청능대로 583, 304호 (논현동, 중앙프라자)"
지오피부과의원,의원,421-1090,"인천광역시 남동구 청능대로 583, 302,303호 (논현동, 중앙프라자)"
논현연세이비인후과의원,의원,424-5075,"인천광역시 남동구 청능대로 583, 202호 (논현동, 중앙프라자)"
논현우리정형외과의원,의원,435-1175,"인천광역시 남동구 청능대로 583 (논현동, 중앙프라자 5층일부)"
논현서울안과의원,의원,442-0075,"인천광역시 남동구 청능대로 581 (논현동, 광성프라자701,702)"
논현신경과의원,의원,438-8275,"인천광역시 남동구 청능대로 581 (논현동, 광성프라자 401호전부)"
연세예피부과의원,의원,421-7506,"인천광역시 남동구 청능대로 581 (논현동, 광성프라자 3층일부)"
상쾌한속내과의원,의원,446-7582,인천광역시 남동구 주안로 231 (간석동)
하나의원,의원,468-7577,"인천광역시 남동구 장자로 14, 202호 (장수동, 봉황빌딩)"
남동성심의원,의원,465-4494,인천광역시 남동구 장승로 36 (만수동)
한사랑가정의원,의원,472-7272,인천광역시 남동구 장승로 13-1 (만수동)
송승용이비인후과,의원,464-8400,인천광역시 남동구 장승남로 54 (만수동)
이레마취통증의학과의원,의원,462-7507,"인천광역시 남동구 장승남로 46 (만수동, 2층일부)"
한빛산부인과의원,의원,466-3575,"인천광역시 남동구 장승남로 46 (만수동,  5층)"
염도학소아청소년과의원,의원,471-8575,"인천광역시 남동구 장승남로 38 (만수동, 반달프라자301호)"
에스미(美)유클리닉의원,의원,467-2292,"인천광역시 남동구 장승남로 38 (만수동, 반달프라자201호)"
예스메디칼의원,의원,467-5115,인천광역시 남동구 장승남로 37 (만수동)
선린내과의원,의원,465-9996,인천광역시 남동구 장승남로 36 (만수동)
명소아청소년과의원,의원,462-7581,"인천광역시 남동구 장승남로 35 (만수동, 대영프라자302호)"
전안과의원,의원,472-4175,인천광역시 남동구 장승남로 35 (만수동)
모식외과의원,의원,873-2083,"인천광역시 남동구 인하로507번길 9, 하나빌딩 402호 (구월동)"
서울수피부과의원,의원,424-7975,"인천광역시 남동구 인하로507번길 9, 601호 (구월동, 하나프라자)"
마리의원,의원,429-3330,"인천광역시 남동구 인하로507번길 9, 201호 (구월동, 하나프라자)"
서연의원,의원,442-1122,"인천광역시 남동구 인하로507번길 9 (구월동, 하나프라자 702호)"
코넬비뇨기과의원,의원,423-8270,"인천광역시 남동구 인하로507번길 74, 405호 (구월동, 유진빌딩)"
트루맨남성의원,의원,424-7585,"인천광역시 남동구 인하로507번길 4, 802호 (구월동, 벽성빌딩)"
서울하정외과,의원,422-1113,"인천광역시 남동구 인하로507번길 4, 801호 (구월동, 벽셩빌딩)"
윈의원,의원,428-0377,"인천광역시 남동구 인하로507번길 4 (구월동, 벽성빌딩9층전부)"
마로비뇨기과의원,의원,438-8797,"인천광역시 남동구 인하로507번길 4 (구월동, 벽성빌딩501호)"
한양신경과의원,의원,433-2116,"인천광역시 남동구 인하로507번길 4 (구월동, 벽성빌딩2층일부)"
엘리트성형외과의원,의원,424-1221,"인천광역시 남동구 인하로507번길 4 (구월동, 벽성빌딩 3층일부)"
세란성형외과의원,의원,433-2170,"인천광역시 남동구 인하로507번길 22, 4,5층 (구월동)"
연세모벨르의원,의원,422-2784,"인천광역시 남동구 인하로507번길 18 (구월동, 망고빌딩 501호 전부)"
필미성형외과의원,의원,437-1777,"인천광역시 남동구 인하로507번길 18 (구월동, 대광프라자 301호)"
송내과의원,의원,437-5111,"인천광역시 남동구 인하로489번길 4 (구월동, 맨하탄빌딩(4층일부))"
메트로성형외과의원,의원,441-2324,"인천광역시 남동구 인하로489번길 4 (구월동, 맨하탄빌딩 7층일부)"
메트로피부과의원,의원,441-2324,"인천광역시 남동구 인하로489번길 4 (구월동, 맨하탄빌딩 7층)"
푸른세상안과의원,의원,431-9999,"인천광역시 남동구 인하로489번길 4 (구월동, 맨하탄빌딩 5층)"
잇걸의원,의원,070-9930-4282,"인천광역시 남동구 인하로489번길 28, 601호 (구월동, 로데오플라자)"
뷰라인클리닉의원,의원,423-0073,"인천광역시 남동구 인하로489번길 28, 5층 603호 (구월동, 로데오프라자)"
서울정신건강의학과의원,의원,433-5335,"인천광역시 남동구 인하로489번길 28 (구월동, 로데오플라자 502호)"
굿모닝비뇨기과의원,의원,421-0700,"인천광역시 남동구 인하로489번길 16, 구월동동 (구월동, 세동네오스빌딩 402호)"
스타일의원,의원,468-7575,"인천광역시 남동구 인하로489번길 10, 6층 (구월동)"
길맨의원,의원,434-4242,"인천광역시 남동구 인하로489번길 10 (구월동, 프라자시티401호)"
오라클피부과의원,의원,434-5311,"인천광역시 남동구 인하로489번길 10 (구월동, 시티프라자 5층)"
미추홀성형외과의원,의원,424-6296,인천광역시 남동구 인하로 523 (구월동)
세이미피부과의원,의원,435-3114,"인천광역시 남동구 인하로 501 (구월동, 삼성전자빌딩4층)"
미래로성형외과의원,의원,439-7533,인천광역시 남동구 인하로 501 (구월동)
삼성안과의원,의원,442-5181,인천광역시 남동구 인하로 501 (구월동)
예작남성의원,의원,423-4001,"인천광역시 남동구 인하로 497-8, 3층 (구월동, 오아시스빌딩)"
박지원산부인과의원,의원,427-0562,"인천광역시 남동구 인하로 497-8 (구월동, 오아시스빌딩5층일부)"
건강샘의원,의원,446-8100,"인천광역시 남동구 인하로 497-8 (구월동, 오아시스빌딩 5층일부)"
인천신세계성형외과,의원,427-7707,"인천광역시 남동구 인하로 497-8 (구월동, 오아시스빌딩 5층 일부)"
미앤모의원,의원,441-2625,"인천광역시 남동구 인하로 497-8 (구월동, 오아시스빌딩 3층일부, 4층일부)"
두리이비인후과의원,의원,421-8275,"인천광역시 남동구 인하로 497-8 (구월동, 3층일부)"
오르성형외과의원,의원,858-9388,"인천광역시 남동구 인하로 497-22 (구월동, 4층일부)"
봄빛소아청소년과의원,의원,465-2080,인천광역시 남동구 인천광역시 남동구 서창동 3블록 8로트 (2층일부)
인천평화의원,의원,464-3399,인천광역시 남동구 인주대로887번길 59 (만수동)
상정의료생활협동조합상정메디칼의원,의원,868-0073,"인천광역시 남동구 인주대로676번길 10 (구월동, 진선빌딩 2층)"
인천영상진단방사선과의원,의원,435-4090,"인천광역시 남동구 인주대로623번길 63 (구월동, 1,2,3층일부)"
한마음산부인과의원,의원,467-3687,"인천광역시 남동구 인주대로 865 (만수동, 승창빌딩2층)"
우리내과의원,의원,468-2468,"인천광역시 남동구 인주대로 865 (만수동, 3층일부)"
박재홍내과의원,의원,465-0500,인천광역시 남동구 인주대로 861 (만수동)
인하의원,의원,466-7504,"인천광역시 남동구 인주대로 773, 1~4층 (구월동)"
사단법인 대한잠수구조사협회 성모의원,의원,469-7575,"인천광역시 남동구 인주대로 675, 2층 (구월동)"
우리의원,의원,466-7102,인천광역시 남동구 인주대로 664 (구월동)
유로진남성의원,의원,466-6776,"인천광역시 남동구 인주대로 645, 4층 (구월동)"
맘마외과의원,의원,434-6875,"인천광역시 남동구 인주대로 645 (구월동, 2, 3층)"
차외과의원,의원,461-5123,인천광역시 남동구 인주대로 643 (구월동)
의료법인 정강의료재단 위드미의원,의원,441-8525,"인천광역시 남동구 인주대로 596 (구월동, 기한빌딩 10층일부)"
정지용성형외과의원,의원,438-8293,"인천광역시 남동구 인주대로 582, 701호 (구월동, 신현프라자)"
서울지에이치(GH)하지외과의원,의원,424-8575,"인천광역시 남동구 인주대로 582, 502호 (구월동, 신현프라자)"
한마음의원,의원,432-7582,인천광역시 남동구 인주대로 541 (구월동)
서울외과의원,의원,429-4848,"인천광역시 남동구 인주대로 506-1 (구월동, 서울외과빌딩2,3층)"
세인트여성의원,의원,438-7740,인천광역시 남동구 은봉로 309 (논현동)
늘푸른의원,의원,466-0788,"인천광역시 남동구 용천로88번길 3, 203,205호 (구월동)"
서울유앤이비인후과의원,의원,472-8275,"인천광역시 남동구 용천로 68, 401호 (구월동, 나로프라자)"
연세이비인후과의원,의원,424-4460,"인천광역시 남동구 용천로 157 (간석동, 그린상가 3층)"
세브란스의원,의원,432-5955,인천광역시 남동구 용천로 157 (간석동)
인구보건복지협회 인천지회 가족보건의원,의원,"431-4001,451-4000",인천광역시 남동구 용천로 144 (간석동)
손지원내과의원,의원,439-6114,"인천광역시 남동구 예술로140번길 29, 2층 (구월동, 남동빌딩)"
본외과의원,의원,442-8575,"인천광역시 남동구 예술로 230 (구월동, 청진네오스빌 205,206,207호)"
CNP차앤박피부과의원,의원,455-1155,"인천광역시 남동구 예술로 138, 405~407호 (구월동, 이토타워)"
2010성형외과의원,의원,816-2010,"인천광역시 남동구 예술로 138 (구월동, 이토타워401호,402호)"
속편한내과의원,의원,433-3500,"인천광역시 남동구 예술로 138 (구월동, 이토타워15층일부)"
골드만비뇨기과의원,의원,455-1911,"인천광역시 남동구 예술로 138 (구월동, 이토타워 1514,1515,1516호)"
서울이비인후과,의원,423-5700,인천광역시 남동구 예술로 138 (구월동)
딸기소아청소년과의원,의원,435-4275,"인천광역시 남동구 앵고개로847번길 64, 302호 (논현동, 골든프라자)"
(사)경찰공제회남부의원,의원,811-2500,인천광역시 남동구 아암대로 1247 (고잔동)
닥터오메디컬의원,의원,463-1032,"인천광역시 남동구 소래로669번길 38 (만수동, 2층(1,4,5,6,호))"
임팩트비뇨기과의원,의원,446-8002,"인천광역시 남동구 성말로13번길 15, 401호 (구월동, 메인프라자)"
신비라인의원,의원,426-1336,"인천광역시 남동구 성말로13번길 15, 310호 (구월동, 메인플라자)"
아이윌의원,의원,423-4275,"인천광역시 남동구 성말로13번길 15, 306,307호 (구월동, 메인프라자)"
유앤미모의원,의원,422-1755,"인천광역시 남동구 성말로13번길 15, 209호 (구월동, 메인프라자)"
미래정신과의원,의원,428-7500,"인천광역시 남동구 성말로13번길 15 (구월동, 메인프라자3층9호)"
위대항맥외과의원,의원,426-9275,"인천광역시 남동구 성말로13번길 15 (구월동, 메인프라자 301호일부)"
장수찬신경외과의원,의원,424-3114,인천광역시 남동구 성말로13번길 15 (구월동)
닥터정앤박날씬의원,의원,442-7585,"인천광역시 남동구 성말로 10 (구월동, 효명프라자406,407호)"
다듬성형외과의원,의원,432-2777,인천광역시 남동구 성말로 10 (구월동)
(의)나사렛의원,의원,435-5111,"인천광역시 남동구 석촌로 21, 지하1층일부,지상2층일부,지상3층일부동 (간석동)"
최재빈가정의학과의원,의원,433-1751,"인천광역시 남동구 석정로 571, 202호 (간석동, 정은A상가)"
인하양내과의원,의원,861-3335,"인천광역시 남동구 석정로 485, 2층 (간석동, 상원빌딩)"
주안정형외과의원,의원,865-7582,인천광역시 남동구 석정로 483 (간석동)
간석굿모닝의원,의원,421-7588,인천광역시 남동구 석산로169번길 17 (간석동)
그린메디칼의원,의원,465-8487,"인천광역시 남동구 석산로 181 (간석동, 1층일부, 2~4층)"
라엘의원,의원,423-7775,"인천광역시 남동구 석산로 159, 402,403호 (간석동, 보인프라자)"
인천화인마취통증의학과의원,의원,423-7582,"인천광역시 남동구 석산로 159, 301호 (간석동, 보인플라자)"
키즈웰소아청소년과의원,의원,426-7507,"인천광역시 남동구 석산로 159 (간석동, 보인프라자401호)"
간석연세이비인후과의원,의원,424-4466,"인천광역시 남동구 석산로 156 (간석동, 간석레미안자이상가1동203호)"
최병길내과의원,의원,431-6220,인천광역시 남동구 석산로 146 (간석동)
열린가정의학과의원,의원,432-9944~5,"인천광역시 남동구 석산로 131, 3,4층 (간석동)"
한라메디스의원,의원,433-7575,"인천광역시 남동구 석산로 119 (간석동, 2,3층)"
그린소아청소년과의원,의원,463-8270,인천광역시 남동구 서창동 서창2지구 근생3 1블록1로트 서창건아빌딩 302호
본이비인후과의원,의원,032-467-9902,인천광역시 남동구 서창동 서창2지구 근생3  1블록1로트 서창건아빌딩 201호
김기남가정의학과,의원,462-7584,"인천광역시 남동구 복개동로 64 (만수동, 2층)"
사단법인 기독교국제선교협회 미사랑메디칼의원,의원,465-7515,"인천광역시 남동구 백범로227번길 95, 4층 (만수동, 공선빌딩)"
김찬식안과의원,의원,463-5606,인천광역시 남동구 백범로180번길 98 (만수동)
이이비인후과,의원,463-5735,인천광역시 남동구 백범로180번길 98 (만수동)
연세소아청소년과의원,의원,462-6345,"인천광역시 남동구 백범로124번길 7 (만수동, 만수주공@상가나동 204호)"
새서울항외과의원,의원,427-7725,인천광역시 남동구 백범로 443-1 (간석동)
이상권정형외과,의원,424-0061,인천광역시 남동구 백범로 374 (간석동)
추원석내과의원,의원,422-3332,인천광역시 남동구 백범로 374 (간석동)
서울내과의원,의원,433-7533,인천광역시 남동구 백범로 325 (간석동)
21세기미소내과의원,의원,431-7715,"인천광역시 남동구 백범로 322, 2층 (간석동, 진메디칼센터)"
서울안과의원,의원,429-7676,"인천광역시 남동구 백범로 322 (간석동, 4층)"
나음산부인과의원,의원,441-0075,"인천광역시 남동구 백범로 322 (간석동, 3층)"
진의원,의원,422-7582,"인천광역시 남동구 백범로 322 (간석동, 10(2층일부))"
간석메디정형외과의원,의원,429-3600,"인천광역시 남동구 백범로 276 (간석동, 1~3층)"
서린정형외과의원,의원,466-0464,"인천광역시 남동구 백범로 204 (만수동, 지하1층,3층,4층일부,5층)"
참사랑의원,의원,466-0464,"인천광역시 남동구 백범로 204 (만수동, 2층)"
남동정형외과의원,의원,465-6425,"인천광역시 남동구 백범로 185 (만수동, (1층~5층))"
아이미즈산부인과의원,의원,463-7600,"인천광역시 남동구 백범로 179, 1~4층 (만수동)"
인하메디스의원,의원,466-0005,인천광역시 남동구 백범로 117 (만수동)
맹소아청소년과의원,의원,438-1115,인천광역시 남동구 방축로 503 (간석동)
박인규내과의원,의원,433-6718,인천광역시 남동구 문화서로4번길 38 (구월동)
순복정형외과의원,의원,434-5353,인천광역시 남동구 문화서로4번길 28 (구월동)
최이비인후과의원,의원,431-8958,인천광역시 남동구 문화서로4번길 2 (구월동)
서창내과의원,의원,468-0031,"인천광역시 남동구 매소홀로 1137, 2층 (서창동)"
만수서울이비인후과의원,의원,468-7583,"인천광역시 남동구 만수서로 56, 203호 (만수동, 향촌빌딩)"
향촌사랑내과의원,의원,462-3377,"인천광역시 남동구 만수서로 56 (만수동, 향촌메디칼 303호)"
주손힐링의원,의원,464-6979,"인천광역시 남동구 만수서로 52, 304호 (만수동, 쓰리제이프라자)"
연세수소아청소년과의원,의원,469-0313,"인천광역시 남동구 만수서로 52, 204호 (만수동, 향촌메디칼)"
연세가정의원,의원,469-3453,"인천광역시 남동구 만수로50번길 27 (만수동, 만수주공@7단지상가 701-201호)"
제일메디칼의원,의원,463-8878,인천광역시 남동구 만수로 78 (만수동)
파티마의원,의원,471-9944,"인천광역시 남동구 만수로 7 (만수동, 2,3층)"
만수성심외과의원,의원,468-3274,인천광역시 남동구 만수로 65 (만수동)
소화소아청소년과의원,의원,464-7575,"인천광역시 남동구 만수로 63 (만수동, 만수프라자303,304호)"
민비뇨기과의원,의원,468-9441,"인천광역시 남동구 만수로 57-4 (만수동, 302호)"
세란내과의원,의원,464-8275,"인천광역시 남동구 만수로 47 (만수동, 2층)"
유태선이비인후과,의원,463-0064,인천광역시 남동구 만수로 47 (만수동)
박태용안과의원,의원,469-3948,인천광역시 남동구 만수로 47 (만수동)
만수연세정형외과의원,의원,461-7575,인천광역시 남동구 만수로 47 (만수동)
조내과의원,의원,463-9890,인천광역시 남동구 만수로 45 (만수동)
홍피부과의원,의원,463-9107,"인천광역시 남동구 만수로 43 (만수동, 가양쇼핑 4층)"
신통외과의원,의원,205-8282,"인천광역시 남동구 만수로 43 (만수동, 5층전부)"
현내과의원,의원,469-7733,"인천광역시 남동구 만수로 39 (만수동, 만수쇼핑A동3층4호)"
다나의원,의원,469-6775,"인천광역시 남동구 만수로 29-1 (만수동, 2층일부)"
한사랑의원,의원,466-8275,인천광역시 남동구 만수2동1-90
도담소아청소년과의원,의원,464-1924,"인천광역시 남동구 독점로30번길 1 (구월동, 에이스프라자 2층일부)"
연세푸른의원,의원,468-4683,인천광역시 남동구 독곡로6번길 4 (서창동)
우리가족의원,의원,441-8575,인천광역시 남동구 도림동 12블록 4롯트
Dr.송내과의원,의원,469-4266,"인천광역시 남동구 담방로 45 (만수동, 희망프라자301호)"
희망연세이비인후과의원,의원,464-0706,"인천광역시 남동구 담방로 45 (만수동, 희망마트빙딩2층)"
윤병화정형외과,의원,471-8275,인천광역시 남동구 담방로 45 (만수동)
본비뇨기과의원,의원,472-4547,"인천광역시 남동구 담방로 39 (만수동, 로얄프라자 302호)"
논현사랑내과의원,의원,433-9900,"인천광역시 남동구 논현역로 8 (논현동, 아이엠프라자 4층일부)"
에이스메디컬의원,의원,715-6666,"인천광역시 남동구 논현로26번길 6 (논현동, 에이스프라자2층전부,301,403,7층701호)"
서울수소아청소년과의원,의원,425-4136,"인천광역시 남동구 논현로 42 (논현동, 제일프라자 403일부,404호전부)"
조은아산내과의원,의원,428-0075,"인천광역시 남동구 논현로 42 (논현동, 명진프라자 402호)"
최소아청소년과의원,의원,435-7582,인천광역시 남동구 논현동 RC6-1 거목프라자 402호
논현맑은의원,의원,422-8554,인천광역시 남동구 논현동 RC11블록 3로트 토브타워 302호
열린이비인후과의원,의원,435-7585,인천광역시 남동구 논현동 RC 14-4롯트 2층
논현새로운내과의원,의원,424-3334,인천광역시 남동구 논현동 C3-1 논현메디스타워401호
논현손호균마취통증의학과의원,의원,442-8875,"인천광역시 남동구 논현동 논현2택지 상업용지 16블록 4로트 광성프라자 602호,603호"
조앤문소아청소년과의원,의원,433-7175,"인천광역시 남동구 논고개로123번길 35, 314호 (논현동, 칼리오페)"
논현이이주내과의원,의원,432-7114,"인천광역시 남동구 논고개로123번길 17, 아이플렉스 407호,408호,409호,410호,411호 (논현동)"
라임비뇨기과의원,의원,032-431-7778,"인천광역시 남동구 논고개로123번길 17, 412호 (논현동, 아이플렉스)"
고은미의원,의원,423-7979,"인천광역시 남동구 논고개로123번길 17, 405호 (논현동, 아이플렉스)"
한사랑이비인후과의원,의원,438-0074,"인천광역시 남동구 논고개로123번길 17, 404호 (논현동, 아이플렉스)"
윤재활의학과의원,의원,431-7588,"인천광역시 남동구 논고개로123번길 17, 309호 (논현동, 아이플렉스)"
서울항맥외과의원,의원,426-0087,"인천광역시 남동구 논고개로123번길 17, 308호 (논현동, 아이플렉스)"
마이비산부인과의원,의원,424-7007,"인천광역시 남동구 논고개로123번길 17 (논현동, 아이플렉스 701~705,712호일부)"
수앤수의원,의원,439-9119,"인천광역시 남동구 논고개로123번길 17 (논현동, 아이플렉스 508~511,513호)"
아이선안과의원,의원,453-5656,"인천광역시 남동구 논고개로123번길 17 (논현동, 아이플렉스 401,402호)"
서울365소아청소년과의원,의원,442-0003,"인천광역시 남동구 논고개로123번길 17 (논현동, 아이플랙스 301,302호)"
올바른신경외과의원,의원,429-5038,"인천광역시 남동구 논고개로 87, 701호 (논현동, 논현메디스타워)"
연세준정신건강의학과의원,의원,032-435-1661,"인천광역시 남동구 논고개로 81, 501호 (논현동, 우리들메디타워)"
하나신경외과의원,의원,428-7582,"인천광역시 남동구 논고개로 80 (논현동, 나노프라자 401호)"
리앤아이산부인과의원,의원,270-7777,"인천광역시 남동구 논고개로 71 (논현동, 가산타워 301,302,303,401,402,403호)"
늘푸른내과의원,의원,441-0096,인천광역시 남동구 논고개로 253-1 (도림동)
코아이비인후과의원,의원,439-0011,"인천광역시 남동구 논고개로 121, 401,403호 (논현동, 에스닷몰)"
연세예소아청소년과의원,의원,441-3657,"인천광역시 남동구 논고개로 121, 301호 (논현동, 에스닷몰)"
라벤더의원,의원,438-0080,"인천광역시 남동구 논고개로 120 (논현동, 논현프라자 601호, 602호일부)"
논현연세정형외과의원,의원,423-7117,"인천광역시 남동구 논고개로 114, 6층 (논현동, 에이스타워)"
논현연세항외과의원,의원,441-7175,"인천광역시 남동구 논고개로 114, 401,402호 (논현동, 에이스타워)"
연세에코비뇨기과의원,의원,426-8600,"인천광역시 남동구 논고개로 114, 301.302호 (논현동, 에이스타워)"
에코의원,의원,429-1122,"인천광역시 남동구 논고개로 101, 604호 (논현동, 아름다운타워)"
이앤박소아청소년과이비인후과의원,의원,441-2552,"인천광역시 남동구 논고개로 101, 504호 (논현동, 아름다운타워)"
남촌굿모닝의원,의원,472-7588,"인천광역시 남동구 남촌동로35번길 4, 2,3층 (남촌동)"
박무정내과의원,의원,471-5777,"인천광역시 남동구 남촌동로25번길 4 (남촌동, (2층))"
정우식소아청소년과의원,의원,467-9933,인천광역시 남동구 남촌동279-11 광천빌딩(2층)
논현메디칼정형외과의원,의원,446-9700,인천광역시 남동구 남동대로370번길 113 (논현동)
하나삼성산부인과의원,의원,465-8181,"인천광역시 남동구 남동대로 906 (간석동, 태양빌딩)"
위성정형외과의원,의원,429-3383,인천광역시 남동구 남동대로 902-1 (간석동)
사랑해차의원,의원,422-0046,"인천광역시 남동구 남동대로 900, 2층 (간석동)"
속시원한내과의원,의원,422-7580,인천광역시 남동구 남동대로 894 (간석동)
성모가정의학과의원,의원,429-1489,"인천광역시 남동구 남동대로 893, 2층 (간석동, 루카이스타워)"
이지피부과의원,의원,437-2012,"인천광역시 남동구 남동대로 893 (간석동, 루카이스타워4층)"
우리마취통증의학과의원,의원,433-8875,"인천광역시 남동구 남동대로 893 (간석동, 루카이스타워3층,5층 전부)"
미래신경과의원,의원,425-4666,"인천광역시 남동구 남동대로 892 (간석동, 일주빌딩 4층)"
장윤모피부과의원,의원,434-2987,"인천광역시 남동구 남동대로 892 (간석동, 3층일부)"
장피부과의원,의원,434-2987,인천광역시 남동구 남동대로 892 (간석동)
간석밝은안과의원,의원,429-9266,"인천광역시 남동구 남동대로 890, 401호 (간석동, 탑메디칼)"
방금화산부인과의원,의원,432-8275,"인천광역시 남동구 남동대로 890, 202호 (간석동, 탑메디칼)"
노상수소아청소년과의원,의원,435-5577,인천광역시 남동구 남동대로 890 (간석동)
성가신경과의원,의원,423-3322,인천광역시 남동구 남동대로 889 (간석동)
영소아과의원,의원,434-0434,인천광역시 남동구 남동대로 886 (간석동)
담도영이비인후과,의원,437-0610,인천광역시 남동구 남동대로 885 (간석동)
김석도이비인후과,의원,422-3770,인천광역시 남동구 남동대로 875 (간석동)
최동열비뇨기과의원,의원,428-5741,인천광역시 남동구 남동대로 875 (간석동)
이안과의원,의원,423-2730,인천광역시 남동구 남동대로 875 (간석동)
바른성모내과의원,의원,473-2117,"인천광역시 남동구 남동대로 860, 1동 201호 (간석동, 래미안자이상가)"
강문호내과의원,의원,462-9200,인천광역시 남동구 남동대로 772 (구월동)
고영식내과의원,의원,422-6891,"인천광역시 남동구 남동대로 743 (구월동, 6층)"
구월정형외과의원,의원,437-3116,"인천광역시 남동구 남동대로 731 (구월동, (1층일부~4층))"
우리메디칼의원,의원,428-0280,인천광역시 남동구 남동대로 705 (구월동)
전내과의원,의원,465-0221,인천광역시 남동구 구월말로 117 (만수동)
이진호내과,의원,431-8575,인천광역시 남동구 구월로 75 (간석동)
박내과의원,의원,468-0114,"인천광역시 남동구 구월로 376, 201호 (만수동, 정은프라자)"
삼성메디칼의원,의원,424-4114,"인천광역시 남동구 구월로 376 (만수동, 정은프라자3층)"
조영복내과의원,의원,469-7580,인천광역시 남동구 구월로 352 (만수동)
다복의료소비자생활협동조합 소망메디칼의원,의원,472-0099,"인천광역시 남동구 구월로 337 (만수동, 2층,3층일부,4층,5층일부)"
만수중앙의원,의원,467-0990,인천광역시 남동구 구월로 332 (만수동)
정호메디칼의원,의원,469-7582,"인천광역시 남동구 구월로 312 (만수동, 2,3층)"
현대정형외과의원,의원,466-7585,인천광역시 남동구 구월로 299 (만수동)
우리정형외과의원,의원,467-8877,"인천광역시 남동구 구월로 284, 1,4,5층 (구월동)"
참빛마취통증의학과의원,의원,464-0625,인천광역시 남동구 구월로 284 (구월동)
장태일내과의원,의원,471-7500,인천광역시 남동구 구월로 284 (구월동)
인하내과의원,의원,466-0101,"인천광역시 남동구 구월로 280, 3층 (구월동, 연세메디칼빌딩)"
유앤미비뇨기과의원,의원,472-7979,"인천광역시 남동구 구월로 274, 302호 (구월동)"
동서재활의학과의원,의원,461-2300,"인천광역시 남동구 구월로 274, 2,4,5,6층 (구월동)"
성모류마내과의원,의원,463-0052,"인천광역시 남동구 구월로 223, 305호 (구월동, 위너스프라자)"
필의원,의원,467-1186,"인천광역시 남동구 구월로 223, 303,304호 (구월동, 위너스프라자)"
"장앤탑내과,재활의학과의원",의원,467-9911,"인천광역시 남동구 구월로 212, 226호,227호,239호,242호 (구월동, 힐캐슬프라자)"
우리이비인후과의원,의원,466-5314,"인천광역시 남동구 구월로 192, 302호 (구월동, 힐캐슬프라자)"
쿨맨남성의원,의원,439-0007,인천광역시 남동구 구월동 1470-1 삼성디지털프라자 8층
이한진가정의원,의원,461-5525,"인천광역시 남동구 구월동 1200-2 퍼스트프라자 302호,303호"
본의원,의원,461-4615,"인천광역시 남동구 구월남로342번길 3, 2층 (만수동)"
고은소아청소년과의원,의원,472-5292,"인천광역시 남동구 구월남로 280 (구월동, 알파프라자3층)"
모래내정형외과의원,의원,463-2002,"인천광역시 남동구 구월남로 280 (구월동, 2층일부)"
동덕복지의료소비자생활협동조합인천메디칼의원,의원,070-7565-3212,"인천광역시 남동구 구월남로 228 (구월동, 2층 전부)"
사랑정형외과의원,의원,442-8275,"인천광역시 남동구 구월남로 198 (구월동, 트윈프라자 401,402,301호)"
김영익정신과,의원,472-5280,"인천광역시 남동구 구월남로 174 (구월동, 206호)"
연세산부인과의원,의원,465-6091,인천광역시 남동구 구월4동1255-2(4층)
디메트로의원,의원,428-6688,인천광역시 남동구 고잔동 RC 3블록1롯트 정안빌딩3층
정소아청소년과의원,의원,431-1275,인천광역시 남동구 고잔동 RC 14블록 2로트 2층
인사랑내과의원,의원,765-8275,인천광역시 남동구 고잔동  RC4블록 5로트(효성빌딩 201호)
누가의원,의원,429-3396,인천광역시 남동구 경인로644번길 119 (간석동)
후생의원,의원,522-0077,인천광역시 남동구 경인로 772 (간석동)
김세중신경외과,의원,432-7006,인천광역시 남동구 경인로 594 (간석동)
안흉부외과의원,의원,424-2252,인천광역시 남동구 경인로 551 (간석동)
간석성모의원,의원,428-5445,인천광역시 남동구 경인로 530 (간석동)
이찬주내과의원,의원,432-6406,"인천광역시 남동구 경인로 520 (간석동, 탑프라자 103호)"
최승열정형외과의원,의원,431-4747,"인천광역시 남동구 경인로 520 (간석동, 201,203,204호)"
하나플러스의원,의원,872-9429,"인천광역시 남동구 경원대로 971 (간석동, 삼성홈플러스 인천간석점 2층)"
서울피부과의원,의원,874-0983,"인천광역시 남동구 경원대로 971 (간석동, 삼성홈플러스 2층)"
로하스인천요양병원,요양병원,032-421-1288,"인천광역시 남동구 호구포로 214 (논현동, 대진프라자 7,8,9,10층전부)"
다인의료소비자생활협동조합 인천논현요양병원,요양병원,439-1800,"인천광역시 남동구 호구포로 212, 601호~603호,701호~703호 (논현동, 대양프라자빌딩)"
연세효요양병원,요양병원,032-468-3388,"인천광역시 남동구 인주대로 852 (만수동, 연세빌딩)"
봄날요양병원,요양병원,468-9101,인천광역시 남동구 인주대로 806 (구월동)
로뎀요양병원,요양병원,1544-2508,"인천광역시 남동구 인주대로 670, 2층 201호 (구월동, 인향콤비타워)"
에이스메디컬요양병원,요양병원,715-6666,"인천광역시 남동구 논현로26번길 6 (논현동, 에이스프라자 5,6,7층일부(702호))"
뿌리요양병원,요양병원,431-7979,"인천광역시 남동구 논현동 소래논현구역 C2-1 에코타워 7,8층"
(의)정강의료재단 위드미요양병원,요양병원,438-5800,"인천광역시 남동구 논고개로123번길 35 (논현동, 칼리오페 10층전부)"
미추홀요양병원,요양병원,429-5050,"인천광역시 남동구 남동대로799번길 25 (구월동, 1층일부,2,3,4,5,6,7층전부)"
고려요양병원,요양병원,462-3065,인천광역시 남동구 구월로 305 (만수동)
(의)나사렛한방병원,한방병원,435-5111,인천광역시 남동구 석촌로 21 (간석동)
가천대학교부속길한방병원,한방병원,070-7120-5050,인천광역시 남동구 독점로29번길 12 (구월동)
21세기병원,병원,451-8218,인천광역시 남동구 정각로 2 (구월동)
전병원,병원,"467-6666,464-6181",인천광역시 남동구 인주대로 845 (만수동)
브래덤기념병원,병원,456-7600,"인천광역시 남동구 예술로192번길 36 (구월동, 지하1층~지하3층, 지상1층일부, 2층~9층)"
의료법인 정진의료재단 영화병원,병원,442-2020,"인천광역시 남동구 소래역로 42 (논현동, 소래타워 7층일부 8,9,10층)"
새희망병원,병원,431-2555,인천광역시 남동구 백범로 403 (간석동)
소운향병원,병원,032-679-0100,인천광역시 남동구 백범로 338-1 (간석동)
마음돌봄병원,병원,761-7575,"인천광역시 남동구 논현로 40, 502호,601호 (논현동, THE CLASS PLAZA )"
모두병원,병원,1588-0255,인천광역시 남동구 논고개로 88 (논현동)
예인병원,병원,425-1370,"인천광역시 남동구 논고개로 71, 7,8,9,10층층 1001,1002호 (논현동, 가산타워)"
새인천병원,병원,423-6661,인천광역시 남동구 남동대로922번길 55 (간석동)
의료법인길의료재단 남동길병원,병원,814-9011,인천광역시 남동구 남동대로239번길 72-39 (논현동)
서울이룸병원,병원,469-4394,인천광역시 남동구 구월로 241 (구월동)
길병원,종합병원,460-3548,인천광역시 남동구 남동대로774번길 21 (구월동)
아름다운몸한약국,한약국,032-432-0912,"인천광역시 연수구 비류대로 216, 1층 6호 (옥련동, 대창상가)"
S모아치과의원,일반의원,032-821-2875,인천광역시 연수구 청능대로 93 (청학동)
흰돌치과의원,일반의원,032-817-0022,인천광역시 연수구 먼우금로 19 (동춘동)
행복한치과의원,일반의원,032-831-2870,"인천광역시 연수구 아트센터대로 149, 102동 212호 (송도동,커넬워크)"
행복치과의원,일반의원,032-814-7879,인천광역시 연수구 비류대로 599 (선학동)
해피키즈치과의원,일반의원,032-813-2207,인천광역시 연수구 먼우금로 190 (연수동)
하이덴치과의원,일반의원,032-255-2875,인천광역시 연수구 먼우금로 96 (동춘동)
필치과의원,일반의원,032-831-6607,인천광역시 연수구 독배로 56 (옥련동)
푸른하늘치과의원,일반의원,032-832-5670,인천광역시 연수구 독배로 42 (옥련동)
푸른치과의원,일반의원,032-833-2875,인천광역시 연수구 청솔로 11 (청학동)
케이라인치과의원,일반의원,032-832-9221,"인천광역시 연수구 인천타워대로54번길 13 (송도동,해승메디피아 4층)"
최경근치과의원,일반의원,032-817-1554,인천광역시 연수구 용담로 148 (연수동)
청학치과의원,일반의원,032-833-4146,"인천광역시 연수구 비류대로294번길 32-5 (청학동,신우상가 2층)"
쥬니어플러스치과의원,일반의원,032-819-2286,인천광역시 연수구  컨벤시아대로  69 (송도동)
주창범치과의원,일반의원,032-812-2882,인천광역시 연수구 함박뫼로 250 (연수동)
정철웅치과의원,일반의원,032-813-6253,인천광역시 연수구 원인재로 300 (연수동)
인천연일학교 구강보건실,일반의원,032-816-6472,"인천광역시 연수구 함박뫼로 208 (연수동,인천연일학교)"
이재헌치과의원,일반의원,032-817-9495,인천광역시 연수구 원인재로 14 (동춘동)
이원준치과의원,일반의원,032-812-8260,인천광역시 연수구 원인재로 88 (동춘동)
이석현치과의원,일반의원,032-815-7327,인천광역시 연수구 선학로 90 (선학동)
이상호치과의원,일반의원,032-812-1568,인천광역시 연수구 원인재로 56 (동춘동)
이든치과의원,일반의원,032-834-2875,인천광역시 연수구 한나루로 190 (옥련동)
웰카운티치과의원,일반의원,032-833-2827,"인천광역시 연수구 해송로 143, 101동 (송도동)"
월드치과의원,일반의원,032-817-6230,인천광역시 연수구 샘말로 56 (연수동)
우리치과의원,일반의원,032-813-2875,인천광역시 연수구 먼우금로 302 (연수동)
올에이치과의원,일반의원,032-813-2275,인천광역시 연수구 함박뫼로 70
오케이치과의원,일반의원,032-858-2828,인천광역시 연수구 신송로 121 (송도동)
예치과의원,일반의원,032-810-1010,인천광역시 연수구 청능대로 109 (연수동)
예본플란트치과의원,일반의원,032-814-3461,인천광역시 연수구 새말로 27 (연수동)
열린치과의원,일반의원,032-816-2275,인천광역시 연수구 비류대로 435 (연수동)
연합연수치과의원,일반의원,032-815-6063,인천광역시 연수구 먼우금로83번길 12 (동춘동)
연치과의원,일반의원,032-821-2879,인천광역시 연수구 용담로 11 (청학동)
연수퍼스트치과의원,일반의원,032-214-2875,인천광역시 연수구 앵고개로246번길 10 (동춘동)
연수치과의원,일반의원,032-819-2828,인천광역시 연수구 경원대로467번길 3 (선학동)
연수청원치과의원,일반의원,032-831-2420,인천광역시 연수구 독배로40번길 11 (옥련동)
연수청아치과의원,일반의원,032-822-2875,인천광역시 연수구 새말로 90 (연수동)
연수준치과의원,일반의원,032-815-2875,인천광역시 연수구 원인재로 313 (연수동)
연수웰치과의원,일반의원,032-822-7522,인천광역시 연수구 앵고개로264번길 18 (동춘동)
연수선치과의원,일반의원,032-821-7528,인천광역시 연수구 용담로 153 (연수동)
연수서울치과의원,일반의원,032-817-8177,인천광역시 연수구 청능대로 103 (연수동)
연수부부치과의원,일반의원,032-818-2811,인천광역시 연수구 앵고개로 250 (동춘동)
연수모든치과의원,일반의원,032-816-6373,인천광역시 연수구 용담로 147 (연수동)
연세치과의원,일반의원,032-812-2824,인천광역시 연수구 원인재로 88 (동춘동)
연세민치과의원,일반의원,032-821-3928,인천광역시 연수구 청능대로137번길 47 (연수동)
에이스치과의원,일반의원,032-811-9964,인천광역시 연수구 비류대로 429 (연수동)
신용철치과의원,일반의원,032-831-7177,인천광역시 연수구 비류대로 194 (옥련동)
시카고SNC치과의원,일반의원,032-817-5713,"인천광역시 연수구 원인재로 180 (연수동,우성2차아파트상가 3층 303호)"
스퀘어치과의원,일반의원,032-456-4311,"인천광역시 연수구 청능대로 210 (동춘동,스퀘어원 3층)"
송주헌치과의원,일반의원,032-817-2875,인천광역시 연수구 청능대로 175 (연수동)
송도치과의원,일반의원,032-832-2875,"인천광역시 연수구 비류대로 208 (옥련동,송도역전빌딩 4층)"
송도이플란트치과의원,일반의원,032-833-2075,인천광역시 연수구 인천타워대로54번길 3 (송도동)
송도우리치과의원,일반의원,032-835-6875,"인천광역시 연수구 해돋이로 107 (송도동,더?퍼스트월드 H동 61호, 62호)"
송도드림치과의원,일반의원,032-858-2800,인천광역시 연수구 신송로 122 (송도동)
센트럴D＆D치과의원,일반의원,070-8841-2275,"인천광역시 연수구 센트럴로 232 (송도동,더?센트럴파크ⅠA동 2층 211호)"
센트럴치과의원,일반의원,032-832-2885,"인천광역시 연수구 해돋이로 118 (송도동,마린프라자 3층 301호)"
서울S치과의원,일반의원,032-858-2080,인천광역시 연수구 컨벤시아대로 69 (송도동)
서울플란트치과의원,일반의원,032-858-2255,인천광역시 연수구 신송로 121 (송도동)
서울고른이미소치과의원,일반의원,032-831-7982,인천광역시 연수구 컨벤시아대로 69 (송도동)
산치과의원,일반의원,032-812-2077,인천광역시 연수구 앵고개로 262 (동춘동)
뿌리샘치과의원,일반의원,032-834-0428,인천광역시 연수구 청량로 180 (옥련동)
박성호치과의원,일반의원,032-831-2875,인천광역시 연수구 독배로40번길 25 (옥련동)
박성빈치과의원,일반의원,032-811-1871,인천광역시 연수구 함박뫼로 250 (연수동)
미추홀치과의원,일반의원,032-834-7528,인천광역시 연수구 한진로 23 (옥련동)
미소연치과의원,일반의원,032-811-8228,인천광역시 연수구 앵고개로 242 (동춘동)
모아치과의원,일반의원,032-821-2828,인천광역시 연수구 앵고개로 248 (동춘동)
메이트치과의원,일반의원,032-815-1985,"인천광역시 연수구 경원대로483번길 6 (선학동,원영빌딩 2층)"
두손치과의원,일반의원,032-833-2275,인천광역시 연수구 독배로 41 (옥련동)
두손모아치과의원,일반의원,032-821-7575,인천광역시 연수구 청능대로 93 (청학동)
뉴욕치과의원,일반의원,032-858-9678,인천광역시 연수구 신송로125번길 7 (송도동)
김성기치과의원,일반의원,032-422-9890,인천광역시 연수구 학나래로6번길 16 (선학동)
기호경치과의원,일반의원,032-812-3744,인천광역시 연수구 청능대로 124 (동춘동)
권호진치과의원,일반의원,032-832-2275,"인천광역시 연수구 독배로 58 (옥련동,옥련2차 현대아파트상가 204호호)"
굿모닝치과의원,일반의원,032-833-7528,인천광역시 연수구 독배로40번길 47 (옥련동)
가람치과의원,일반의원,032-817-7927,"인천광역시 연수구 용담로 115 (연수동,파크타운 201호, 202호)"
해인당한의원,일반의원,032-817-3111,인천광역시 연수구 함박뫼로 68 (연수동)
한의사랑한의원,일반의원,032-815-1075,인천광역시 연수구 청명로17번길 10-17 (청학동)
하얀마음한의원,일반의원,032-822-7003,인천광역시 연수구 먼우금로 194 (연수동)
하나한의원,일반의원,032-814-6655,인천광역시 연수구 앵고개로264번길 30-4 (동춘동)
택한의원,일반의원,032-831-9492,인천광역시 연수구 청학로12번길 3 (청학동)
코스비한의원,일반의원,032-851-7582,인천광역시 연수구 해돋이로 116 (송도동)
청송한의원,일반의원,032-833-7581,인천광역시 연수구 독배로 55 (옥련동)
청담한의원,일반의원,032-851-7527,"인천광역시 연수구 신송로 121 (송도동,센타프라자 4층 401호)"
지인한의원,일반의원,032-834-1075,"인천광역시 연수구 컨벤시아대로 69 (송도동,밀레니엄빌딩 3층 307호)"
주행경희한의원,일반의원,032-834-0675,"인천광역시 연수구 청량로 188 (옥련동,준프라자 3층 303호)"
조은물한의원,일반의원,032-833-5353,인천광역시 연수구 아트센터대로 107 (송도동)
제중한의원,일반의원,032-819-8889,인천광역시 연수구 원인재로 180 (연수동)
이레한의원,일반의원,032-258-1075,인천광역시 연수구 먼우금로 189 (청학동)
유승엽한의원,일반의원,032-819-9996,인천광역시 연수구 앵고개로264번길 18 (동춘동)
옥련한의원,일반의원,032-832-2500,인천광역시 연수구 한진로25번길 4 (옥련동)
연수백세한의원,일반의원,032-813-1275,인천광역시 연수구 원인재로 313 (연수동)
연수당한의원,일반의원,032-859-3800,인천광역시 연수구 독배로40번길 29 (옥련동)
어울림한의원,일반의원,032-858-8275,인천광역시 연수구 신송로125번길 7 (송도동)
약선당 부부한의원,일반의원,032-233-1075,"인천광역시 연수구 먼우금로 190, 연수2동 2층 203호 (연수동)"
아토윌다산한의원,일반의원,032-818-7582,인천광역시 연수구 학나래로118번길 37 (선학동)
신농씨한의원,일반의원,032-819-1075,인천광역시 연수구 먼우금로188번길 12 (연수동)
송도함소아한의원,일반의원,032-835-7582,"인천광역시 연수구 해돋이로 107 (송도동,송도더퍼스트월드 H동 3층 69호, 70호)"
송도한의원,일반의원,032-858-7772,인천광역시 연수구 신송로 122 (송도동)
송도단비한의원,일반의원,032-858-1075,인천광역시 연수구 센트럴로 194 (송도동)
세명한의원,일반의원,032-814-6288,인천광역시 연수구 샘말로62번길 20 (연수동)
성성한의원,일반의원,032-817-0474,인천광역시 연수구 용담로 115 (연수동)
서명원한방의원,일반의원,032-833-0658,인천광역시 연수구 한나루로 182 (옥련동)
새생명한의원,일반의원,032-821-1075,인천광역시 연수구 용담로 11 (청학동)
삼대한의원,일반의원,032-832-1075,"인천광역시 연수구 컨벤시아대로42번길 8, 102동 2층 201호 (송도동, 코오롱 더프라우)"
사암명인한의원,일반의원,032-815-1023,인천광역시 연수구 앵고개로254번길 23 (동춘동)
봄한의원,일반의원,032-831-0500,인천광역시 연수구 독배로 42 (옥련동)
본디올경희한의원,일반의원,032-818-1075,인천광역시 연수구 앵고개로 250 (동춘동)
박정식한의원,일반의원,032-813-0074,인천광역시 연수구 원인재로 936-8 (동춘동)
박병선한의원,일반의원,032-821-0303,인천광역시 연수구 앵고개로264번길 41 (동춘동)
박기홍한의원,일반의원,032-816-7001,인천광역시 연수구 앵고개로 266 (동춘동)
미래한의원,일반의원,032-818-1175,인천광역시 연수구 앵고개로264번길 10-1 (동춘동)
무지개한의원,일반의원,032-851-3900,인천광역시 연수구 해돋이로120번길 16 (송도동)
맑은샘한의원,일반의원,032-813-8322,인천광역시 연수구 용담로 153 (연수동)
둘리한의원,일반의원,032-819-8430,인천광역시 연수구 앵고개로 256 (동춘동)
둘리옥련한의원,일반의원,032-851-2275,인천광역시 연수구 독배로40번길 35 (옥련동)
동풍한의원,일반의원,032-812-5003,"인천광역시 연수구 앵고개로264번길 30-3 (동춘동,영창빌딩 3층)"
동인당한의원,일반의원,032-818-1731,인천광역시 연수구 앵고개로 256 (동춘동)
동의보감한의원,일반의원,032-815-9494,인천광역시 연수구 청능대로 103 (연수동)
남송한의원,일반의원,032-818-9911,인천광역시 연수구 먼우금로 88 (동춘동)
의료법인 순의료재단효성성모의원,의원,032-555-8337,"인천광역시 계양구 마장로 549, 4층 401,402호 (효성동)"
한소망소아청소년과의원,의원,032-554-0205,"인천광역시 계양구 계양문화로 96, 304호 (용종동)"
튼튼소아청소년과의원,의원,032-554-3939,인천광역시 계양구 장제로 910 (병방동)
GM치과의원,치과의원,032-552-4393,인천광역시 계양구 계산새로 93 (용종동)
보람정형외과의원,의원,032-554-1784,"인천광역시 계양구 오조산로 3 (작전동,3층, 4층일부)"
한길치과의원,치과의원,032-548-5113,"인천광역시 계양구 계양대로 178 (계산동,(3층))"
탑플러스치과의원,치과의원,032-548-2879,인천광역시 계양구 계양대로 31 (작전동)
다사랑내과의원,의원,032-554-2074,"인천광역시 계양구 효서로 377, 2층 18호 (작전동)"
탑치과의원,치과의원,032-555-5528,인천광역시 계양구 경명대로 1068 (계산동)
강남정형외과의원,의원,032-554-0002,"인천광역시 계양구 계양대로 40, 2,3층 (작전동)"
새봄정형외과의원,의원,032-552-5599,"인천광역시 계양구 장제로 672 (작전동,신영프라자 3층)"
강인권한의원,한의원,032-595-1075,인천광역시 계양구 계양대로 96 (작전동)
성모의원,의원,032-514-0729,인천광역시 계양구 장제로1009번길 2 (박촌동)
두리산부인과두리내과의원,의원,032-545-7030,"인천광역시 계양구 계양대로 83, 2층 (작전동)"
계양치과의원,치과의원,032-551-2882,인천광역시 계양구 주부토로 525 (계산동)
성모가정의학과의원,의원,032-511-9940,인천광역시 계양구 황어로 120 (장기동)
큐치과의원,치과의원,032-551-2866,인천광역시 계양구 장제로 708 (작전동)
인천학운외과의원,의원,032-554-7739,"인천광역시 계양구 경명대로 1115 (계산동,인평프라자 6층)"
이데이치과의원,치과의원,032-551-2275,인천광역시 계양구 경명대로 1096 (계산동)
유앤양의원,의원,032-551-7441,"인천광역시 계양구 장제로 708 (작전동,한샘프라자 405호, 406호)"
이-편한치과의원,치과의원,032-521-2119,인천광역시 계양구 장제로1009번길 2 (박촌동)
연세베스트이비인후과의원,의원,032-297-2975,인천광역시 계양구 장제로 708 (작전동)
미담한의원,한의원,032-547-3323,인천광역시 계양구 계양대로 31 (작전동)
건강한내과의원,의원,032-544-5475,"인천광역시 계양구 효서로 380 (작전동,현대타운상가 3층)"
의료법인가창의료재단하나의원,의원,032-554-6906,"인천광역시 계양구 장제로 808, 3층 (계산동)"
우리아이소아과의원,의원,032-552-5275,인천광역시 계양구 주부토로 374 (작전동)
계양연세정형외과의원,의원,032-548-4455,"인천광역시 계양구 장제로 859, 1B, 1층 (임학동)"
박광식내과의원,의원,032-543-6546,인천광역시 계양구 경명대로 1043 (계산동)
연세차치과의원,치과의원,032-543-2875,"인천광역시 계양구 주부토로 479 (계산동,(3층))"
허승호성형외과의원,의원,032-555-5518,인천광역시 계양구 오조산공원로 22 (용종동)
병방한의원,한의원,032-555-7975,인천광역시 계양구 계양산로215번길 4 (병방동)
해맑은치과의원,치과의원,032-549-2228,인천광역시 계양구 안남로554번길 1 (효성동)
명치과의원,치과의원,032-553-2875,인천광역시 계양구 병방로 13 (병방동)
공덕한의원,한의원,032-545-2517,인천광역시 계양구 효서로 233 (작전동)
튼튼치과의원,치과의원,032-544-2275,인천광역시 계양구 계양대로 81 (작전동)
이사랑치과의원,치과의원,032-552-2875,인천광역시 계양구 주부토로 475 (계산동)
오준내과의원,의원,032-545-4567,인천광역시 계양구 주부토로 374 (작전동)
나움치과의원,치과의원,032-556-7522,인천광역시 계양구 새벌로 126 (효성동)
현대의원,의원,032-552-1916,인천광역시 계양구 효서로 380 (작전동)
홍제한의원,한의원,032-541-0790,인천광역시 계양구 경명대로 1057 (계산동)
연세모아 이비인후과,의원,032-543-5382,"인천광역시 계양구 아나지로417번길 20, 3층 (작전동, 태주빌딩)"
효성사랑정형외과,의원,032-556-7565,"인천광역시 계양구 안남로 512, 3층 (효성동, 대신증권빌딩)"
연아메디내과의원,의원,032-555-1138,"인천광역시 계양구 아나지로177번길 16, 1층 (효성동)"
스마트치과의원,치과의원,032-543-2825,인천광역시 계양구 효서로 53 (효성동)
고운세상 인천피부과의원,의원,032-549-7005,"인천광역시 계양구 계산새로 71 (계산동, 하이베라스 C동)"
나노클래식의원,의원,032-264-4545,"인천광역시 계양구 계양대로 67-17 (작전동,301호)"
천지인한의원,한의원,032-556-7588,인천광역시 계양구 새벌로112번길 12 (효성동)
보람소아청소년과의원,의원,032-552-0680,"인천광역시 계양구 장제로 1004, 201동 (박촌동,한양수자인 상가동)"
연세산부인과,의원,032-543-3377,인천광역시 계양구 계산새로65번길 17 (계산동)
연세차비뇨기과의원,의원,032-543-5991,"인천광역시 계양구 오조산로 53, 401호 (계산동)"
키즈프라임치과의원,치과의원,032-556-2275,"인천광역시 계양구 오조산로 53, 301호 (계산동,연세차메디칼)"
스마일치과의원,치과의원,032-541-0275,인천광역시 계양구 계양문화로 96 (용종동)
굿모닝치과의원,치과의원,032-552-2870,인천광역시 계양구 계양대로 214 (계산동)
맑은숲동의보감한의원,한의원,032-554-3375,인천광역시 계양구 경명대로 1090 (계산동)
연세사랑의원,의원,032-545-5192,"인천광역시 계양구 임학동로 47, 2층 (임학동)"
김승호내과의원,의원,032-548-7582,"인천광역시 계양구 장제로 911, 3층 (병방동)"
태산한의원,한의원,032-548-1075,인천광역시 계양구 효서로 57 (효성동)
예일내과의원,의원,032-544-4656,"인천광역시 계양구 새벌로 126, 201호 (효성동)"
박도형정형외과의원,의원,032-556-3115,"인천광역시 계양구 경명대로 1051, 2,3층 (계산동)"
신안과의원,의원,032-554-2764,인천광역시 계양구 오조산로 3 (작전동)
뉴욕치과의원,치과의원,032-551-9678,인천광역시 계양구 계산새로 71 (계산동)
아이플러스소아청소년과의원,의원,032-545-3653,"인천광역시 계양구 장제로875번길 1, 2층 (임학동)"
세느치과의원,치과의원,032-556-1370,"인천광역시 계양구 효서로 230 (작전동,삼성프라자 203호)"
원상연정형외과의원,의원,032-556-7400,인천광역시 계양구 경명대로 1134 (계산동)
사랑마취통증의학과의원,의원,032-293-8585,"인천광역시 계양구 계산새로 85, 405호 (용종동, 보람프라자)"
엠앤비가족여성한의원,한의원,032-551-8118,"인천광역시 계양구 장제로772번길 2 (계산동,2층)"
연세차산부인과의원,의원,032-547-0100,인천광역시 계양구 오조산로 53 (계산동)
대경당한의원,한의원,032-545-1075,"인천광역시 계양구 봉오대로 649, 5층 (작전동)"
하나산부인과의원,의원,032-543-6163,인천광역시 계양구 경명대로 1157 (임학동)
반석치과의원,치과의원,032-541-2744,인천광역시 계양구 주부토로363번길 28 (작전동)
서울한의원,한의원,032-543-7585,인천광역시 계양구 경명대로 1051 (계산동)
서울메디컬의원,의원,032-556-8275,"인천광역시 계양구 계양대로 188, 307호 (계산동, 대덕노바체빌딩 )"
신세계치과의원,치과의원,032-545-2275,인천광역시 계양구 계양대로 101 (작전동)
상쾌한한의원,한의원,032-546-0075,인천광역시 계양구 오조산로 1 (작전동)
계양수치과의원,치과의원,032-555-2227,"인천광역시 계양구 장제로 907 (병방동,3층)"
계양예치과의원,치과의원,032-545-3719,인천광역시 계양구 오조산로 1 (작전동)
연세유앤이치과의원,치과의원,032-555-2871,인천광역시 계양구 장제로875번길 1 (임학동)
이튼치과의원,치과의원,032-549-8275,인천광역시 계양구 효서로 300 (작전동)
양앤유의원,의원,032-543-1411,"인천광역시 계양구 용종로 2, 2층 (계산동, 계산프라자 )"
박촌에이스치과의원,치과의원,032-515-7522,인천광역시 계양구 장제로 999 (박촌동)
예화한의원,한의원,032-547-8297,"인천광역시 계양구 효서로 137 (효성동,201호)"
세종한의원,한의원,032-501-8127,"인천광역시 계양구 장제로 999 (박촌동,3층)"
인천CDC어린이치과의원,치과의원,032-553-5275,인천광역시 계양구 계산새로 71 (계산동)
예인한의원,한의원,032-541-1075,인천광역시 계양구 장제로 913 (병방동)
한솔의원,의원,032-555-6575,인천광역시 계양구 주부토로 372 (작전동)
고센의원,의원,032-556-3030,인천광역시 계양구 경명대로 1096 (계산동)
UP백 치과의원,치과의원,032-547-3433,인천광역시 계양구 안남로565번길 2 (효성동)
청담한의원,한의원,032-547-8877,"인천광역시 계양구 봉오대로555번길 14 (효성동,썬프라자 303호,304호)"
시원한백외과의원,의원,032-546-7575,인천광역시 계양구 장제로 899 (임학동)
초이스 치과의원,치과의원,032-548-2804,인천광역시 계양구 계양대로 149 (계산동)
미소준 치과의원,치과의원,032-543-2235,인천광역시 계양구 경명대로1045번길 2 (계산동)
굿모닝정형외과의원,의원,032-554-3773,인천광역시 계양구 계양대로 149 (계산동)
삼성메디정형외과의원,의원,032-555-7511,"인천광역시 계양구 주부토로 525 (계산동,(1층,2층))"
미플러스 치과의원,치과의원,032-547-8090,인천광역시 계양구 계양대로 27 (작전동)
해맑은플러스의원,의원,032-556-5314,"인천광역시 계양구 계양대로 27, 3층 (작전동, 홈플러스 작전점)"
우리들내과의원,의원,032-555-7475,"인천광역시 계양구 동양로 101, 303호 (동양동, 명일프라자)"
동양 수 치과의원,치과의원,032-552-7528,인천광역시 계양구 동양로 6-1 (동양동)
이레내과의원,의원,"032-555-4786,4568","인천광역시 계양구 봉오대로 649 (작전동,(3층,4층))"
코아이비인후과의원,의원,032-548-0005,"인천광역시 계양구 계양대로 53 (작전동,휘림빌딩 202호, 301호)"
서울이비인후과의원,의원,032-543-5800,"인천광역시 계양구 계산새로65번길 17, 2층 (계산동, 계양메디칼빌딩)"
굿모닝치과의원,치과의원,032-548-4393,인천광역시 계양구 장제로 912 (병방동)
보스턴웰치과의원,치과의원,032-549-2875,인천광역시 계양구 계양대로 56 (작전동)
연세플라워치과의원,치과의원,032-541-0777,"인천광역시 계양구 오조산공원로 14 (계산동,홈플러스계산점 4층)"
경희한의원,한의원,032-555-1010,인천광역시 계양구 장제로 903 (임학동)
나음항외과의원,의원,032-547-7175,"인천광역시 계양구 계양대로 149, 6층 (계산동)"
동보경희한의원,한의원,032-556-1075,인천광역시 계양구 주부토로363번길 28 (작전동)
경희삼대한의원,한의원,032-513-6333,"인천광역시 계양구 오조산로 53 (계산동,305호)"
인천한의원,한의원,032-547-9494,인천광역시 계양구 봉오대로 668 (작전동)
수뷰티외과의원,의원,032-330-7588,"인천광역시 계양구 계양대로 178, 7층 (계산동)"
참빛안과의원,의원,032-556-3950,인천광역시 계양구 계양대로 53 (작전동)
계산한의원,한의원,032-541-0455,인천광역시 계양구 계양대로 176 (계산동)
인천편안 내과의원,의원,032-545-2191,인천광역시 계양구 계양대로 44 (작전동)
연세정신건강의학과의원,의원,032-555-8809,"인천광역시 계양구 경명대로 1088, 3층 (계산동)"
박촌메디스의원,의원,032-547-1152,"인천광역시 계양구 장제로1009번길 1, 2층 (박촌동)"
경희부부한의원,한의원,032-547-1075,인천광역시 계양구 안남로 562 (효성동)
참조은 의원,의원,032-553-0032,"인천광역시 계양구 계양대로 149, 4층 (계산동)"
인서울치과의원,치과의원,032-566-2875,인천광역시 계양구 계산새로 71 (계산동)
인덕한의원,한의원,032-552-1033,"인천광역시 계양구 주부토로 537 (계산동,2층)"
계양차정형외과의원,의원,032-546-8275,인천광역시 계양구 오조산로 53 (계산동)
함소아한의원,한의원,032-553-1075,"인천광역시 계양구 계양대로 56 (작전동,다동 302호)"
진생 한의원,한의원,010-3590-1797,"인천광역시 계양구 동양로 103, 2층 (동양동)"
무지개소아청소년과,의원,032-542-2335,"인천광역시 계양구 경명대로 1068, 3층 (계산동)"
장기한의원,한의원,032-548-1916,"인천광역시 계양구 장기로 23 (장기동,(2층))"
행복한치과의원,치과의원,032-543-7528,인천광역시 계양구 계산천동로 15 (계산동)
경희본초한의원,한의원,032-552-6808,"인천광역시 계양구 계산새로 93 (용종동,밀레니엄프라자 3층 301호)"
유디치과의원,치과의원,032-552-6500,인천광역시 계양구 효서로 266 (작전동)
미소진치과의원,치과의원,032-543-2882,인천광역시 계양구 봉오대로555번길 14 (효성동)
화생당한의원,한의원,032-551-7582,"인천광역시 계양구 계양문화로 90 (용종동,112호)"
경희차오름한의원,한의원,032-549-7533,"인천광역시 계양구 계양대로 36 (작전동,(2층))"
서광원 푸른솔치과의원,치과의원,032-546-0671,인천광역시 계양구 주부토로 469 (작전동)
이벤트365의원,의원,032-551-1100,"인천광역시 계양구 계양대로 58-1 (작전동,B동 202호)"
인천 W 치과의원,치과의원,032-541-2878,"인천광역시 계양구 경명대로 1090, 204, 205호 (계산동)"
원정신과의원,의원,032-547-7114,인천광역시 계양구 주부토로496번길 2 (계산동)
이화소아청소년과의원,의원,032-555-9413,인천광역시 계양구 동양로 101 (동양동)
제일산부인과의원,의원,032-554-7114,"인천광역시 계양구 계산새로 71 (계산동,하이베라스 C동 309호)"
이지스한의원,한의원,032-547-0323,"인천광역시 계양구 계산새로 71 (계산동,하이베라스 C동404호~407호)"
행복한소아청소년과의원,의원,032-542-9788,"인천광역시 계양구 계양대로 44 (작전동,덕용프라자301호)"
함께하는치과의원,치과의원,032-556-0251,"인천광역시 계양구 효서로 362 (작전동,(2층))"
스마일탑치과의원,치과의원,032-542-7588,"인천광역시 계양구 장제로 672 (작전동,신영프라자302호)"
성모25의원,의원,032-552-5365,"인천광역시 계양구 오조산로 1 (작전동,거승프라자 503호,504호)"
미소의원,의원,032-543-3353,"인천광역시 계양구 봉오대로555번길 14 (효성동,썬프라자 302호)"
소망의원,의원,032-833-9987,"인천광역시 계양구 봉오대로555번길 14 (효성동,썬프라자 4층)"
맑은샘한의원,한의원,032-551-8808,"인천광역시 계양구 효서로 196 (효성동,(2층))"
참경희한의원,한의원,032-556-7975,"인천광역시 계양구 안남로 568 (효성동,(2층))"
경희삼성한의원,한의원,032-556-7511,"인천광역시 계양구 주부토로 525 (계산동,(3층))"
코비코 이비인후과의원,의원,032-556-7912,"인천광역시 계양구 장제로 907 (병방동,2층)"
박촌한의원,한의원,032-545-6695,인천광역시 계양구 장제로1009번길 2 (박촌동)
상아 웰 치과의원,치과의원,032-548-7528,"인천광역시 계양구 황어로 120 (장기동,KB빌딩 3층)"
명성의원,의원,032-543-5874,"인천광역시 계양구 경명대로 1116 (계산동,하나쇼핑센타 201호)"
세란성심의원,의원,032-554-6702,"인천광역시 계양구 계양대로 187 (계산동,3층)"
꿈나무소아청소년과의원,의원,032-551-1432,"인천광역시 계양구 경명대로 1074 (계산동,삼혼빌딩 208호)"
레몬트리의원,의원,032-551-7500,"인천광역시 계양구 계양대로 44 (작전동,덕용프라자 402호)"
김순영소아청소년과의원,의원,032-544-8275,"인천광역시 계양구 도두리로 46 (작전동, 동보아파트 상각 203호, 216호)"
탑이비인후과의원,의원,032-582-7975,"인천광역시 계양구 동양로 101 (동양동,명일프라자 304호)"
유디계산치과의원,치과의원,032-556-8008,인천광역시 계양구 경명대로 1074 (계산동)
성모재활의학과의원,의원,032-541-6765,"인천광역시 계양구 장제로 917 (병방동,2, 3층)"
경희소중한의원,한의원,032-547-2013,인천광역시 계양구 경명대로 1143 (계산동)
고운이치과의원,치과의원,032-556-2879,"인천광역시 계양구 동양로 107 (동양동,302호)"
서울미래치과의원,치과의원,032-500-8575,"인천광역시 계양구 장제로 738 (작전동,메카브빌딩 6003,6004호)"
고운미소의원,의원,032-500-8440,"인천광역시 계양구 장제로 738 (작전동,메카브빌딩 6층 6013호)"
나눔성모안과의원,의원,032-555-5468,인천광역시 계양구 장제로 714 (작전동)
새롬소아청소년과의원,의원,032-555-7557,"인천광역시 계양구 양지로 40 (동양동,2층)"
편안이내과의원,의원,032-545-1317,"인천광역시 계양구 계양대로 44 (작전동,덕용프라자 302호)"
금맥한의원,한의원,032-543-6431,인천광역시 계양구 병방시장로 60 (병방동)
한결치과의원,치과의원,032-548-0028,"인천광역시 계양구 장제로 909, 2,3층 (병방동)"
수자인치과의원,치과의원,032-543-9957~8,"인천광역시 계양구 장제로 1004 (박촌동, 한양수자인상가 204, 205호)"
해맑은 의원,의원,032-556-3575,인천광역시 계양구 오조산로 91 (용종동)
서울바른선치과의원,치과의원,032-554-2279,"인천광역시 계양구 오조산로57번길 7, 성림프라자동 504호 (계산동)"
유송한의원,한의원,032-543-1075,인천광역시 계양구 안남로573번길 9 (효성동)
연세수의원,의원,032-555-7731,인천광역시 계양구 계양산로 193 (임학동)
365내과연합의원,의원,032-542-3659,"인천광역시 계양구 장제로 867 (임학동,3층)"
상우내과의원,의원,032-551-0860,"인천광역시 계양구 경명대로 1096 (계산동,302호 304)"
양심선언치과의원,치과의원,032-543-7522,인천광역시 계양구 계양대로 94 (작전동)
퍼스트정마취통증의학과의원,의원,032-715-7582,"인천광역시 계양구 계산새로65번길 17 (계산동,101호)"
신세계마취통증의학과의원,의원,032-544-8271,인천광역시 계양구 계양대로 170 (계산동)
김태형정형외과의원,의원,032-715-6300,"인천광역시 계양구 장제로 867 (임학동,상우메디칼프라자 5,6층)"
건강플러스내과의원,의원,032-546-8666,"인천광역시 계양구 장제로 912 (병방동,4층)"
사단법인 국제환경문화운동본부 참고운의원,의원,032-555-0334,인천광역시 계양구 효서로 370 (작전동)
영재한의원,한의원,032-528-4857,"인천광역시 계양구 오조산로57번길 7, 1층 5호 (계산동)"
MJ 조산원,조산원,032-544-1732,인천광역시 계양구 장제로809번길 5 (계산동)
하이메디의원,의원,032-546-4161,"인천광역시 계양구 계양대로 67-17 (작전동, 대경빌딩)"
스마일수치과의원,치과의원,032-544-2875,"인천광역시 계양구 장제로 822, 지하2층 (계산동, 롯데마트 )"
하이큐송석호내과의원,의원,032-543-6001,"인천광역시 계양구 안남로 512, 2층 (효성동)"
리쥬의원,의원,032-546-9955,인천광역시 계양구 장제로 867 (임학동)
연세소아청소년과의원,의원,032-555-7533,인천광역시 계양구 장제로 822 (계산동)
라인 플란트 치과의원,치과의원,032-543-2889,"인천광역시 계양구 양지로 151, 3층 (귤현동, 샤인빌딩)"
예그린이비인후과의원,의원,032-551-1291,인천광역시 계양구 계양대로 214 (계산동)
계산청원치과의원,치과의원,032-555-2805,인천광역시 계양구 계산새로 1 (계산동)
한사랑의원,의원,032-551-7709,인천광역시 계양구 하느재로20번길 1 (계산동)
김석연내과의원,의원,032-555-0600,인천광역시 계양구  계양대로  214 (계산동)
리앤의원,의원,032-552-4478,인천광역시 계양구 경명대로 1074 (계산동)
은치과의원,치과의원,032-547-2275,인천광역시 계양구 주부토로 374 (작전동)
동양한의원,한의원,032-555-7510,인천광역시 계양구 동양로 101 (동양동)
계양스마일치과의원,치과의원,032-541-7929,인천광역시 계양구 경명대로 1059 (계산동)
북경동인당한의원,한의원,032-551-1050,인천광역시 계양구 장제로 895 (임학동)
혜민한의원,한의원,032-548-0473,인천광역시 계양구 장제로 708 (작전동)
코코로이비인후과의원,의원,032-541-7505,인천광역시 계양구 장제로 912 (병방동)
노벨의원,의원,032-549-7749,인천광역시 계양구 계양대로 214 (계산동)
이엘치과의원,치과의원,032-547-8879,인천광역시 계양구 효서로 233 (작전동)
정한의원,한의원,032-543-1071,인천광역시 계양구 형제봉길 57 (귤현동)
참사랑한의원,한의원,032-543-3600,인천광역시 계양구 효서로 300 (작전동)
계양본치과의원,치과의원,032-546-2875,인천광역시 계양구 장제로 717 (작전동)
길치과의원,치과의원,032-548-8020,인천광역시 계양구 장제로 789 (계산동)
맘마외과의원,의원,032-542-6875,인천광역시 계양구 계양대로 214 (계산동)
키즈웰소아청소년과의원,의원,032-548-0650,인천광역시 계양구 오조산로 1 (작전동)
경희예한의원,한의원,032-548-0900,인천광역시 계양구 경명대로 1086 (계산동)
이편한치과의원,치과의원,032-547-2828,인천광역시 계양구 안남로 577 (효성동)
다나한의원,한의원,032-555-1075,인천광역시 계양구 주부토로472번길 11 (계산동)
바른한의원,한의원,032-545-8582,인천광역시 계양구 계양대로 149 (계산동)
한마음병원,병원,032-553-0070,인천광역시 계양구 계양대로 51 (작전동)
성베드로한방병원,한방병원,032-544-2200,"인천광역시 계양구 장제로 785 (계산동,(1층일부,2층일부,3층전부))"
의료법인 미추홀의료재단 비전병원,병원,032-553-8275,인천광역시 계양구 장제로 916 (병방동)
엠앤비여성병원,병원,032-552-3500,인천광역시 계양구 장제로772번길 2 (계산동)
의료법인인성의료재단한림병원,종합병원,032-540-9114,인천광역시 계양구 장제로 722 (작전동)
미래장수요양병원,요양병원,032-547-8811,인천광역시 계양구 계양대로 204 (계산동)
빅토리아요양병원,요양병원,032-552-8050,"인천광역시 계양구 계산새로 71 (계산동, 하이베라스 C동 11,12,13층 일부)"
예진병원,요양병원,032-556-8820,"인천광역시 계양구 계양대로 188 (계산동, 4,5층)"
한아름요양병원,요양병원,032-541-8575,"인천광역시 계양구 오조산로 51 (계산동,(지하1층,1,2,3,4,5층))"
인천제2시립노인치매요양병원,요양병원,032-554-8300,인천광역시 계양구 드림로 852 (갈현동)
의료법인보람의료재단보람병원,병원,032-542-0114,인천광역시 계양구 오조산로 11 (작전동)
효사랑요양병원,요양병원,032-543-7582,"인천광역시 계양구 장제로 672 (작전동,신영프라자(2층전체,4층일부))"
삼정병원,병원,"543-7530,7540","인천광역시 계양구 장제로 800 (계산동,인산빌딩(1~7층))"
성로 요양병원,요양병원,032-555-4663,"인천광역시 계양구 아나지로 380 (작전동,(1,3,4층))"
함춘요양병원,요양병원,032-555-0599,"인천광역시 계양구 오조산로57번길 11-1 (계산동, 강남모던빌 7층)"
한동병원,병원,032-543-7114,인천광역시 계양구 장제로 857 (임학동)
우리한방병원,한방병원,032-551-8088,인천광역시 계양구 장제로 808 (계산동)
큰사랑요양병원,요양병원,032-542-3535,"인천광역시 계양구 오조산로57번길 11-1 (계산동, 강남모던빌 2,3층)"
